Workbook
Name tag: Parameter!$A$25:$A$32

Sheet Sheet5 (2)
A3: POIName | B3: POI_code | C3: Activity_tag
A4: A.BEDARO | B4: MG52516190009001 | C4: Treatment of moderate acute malnutrition
A5: ABC DOMINO AMBOLA | B5: 602091001 | C5: School feeding (on-site)
A6: ABC DOMINO ANDRANOTOHOKY | B6: 602171003 | C6: School feeding (on-site)
A7: ABC DOMINO Ankilibory | B7: 605131003 | C7: School feeding (on-site)
A8: ABC DOMINO ANKILIMIVONY | B8: 602091003 | C8: School feeding (on-site)
A9: ABC DOMINO BEHELOKA | B9: 602091009 | C9: School feeding (on-site)
A10: ABC DOMINO Belitsaka | B10: 605131004 | C10: School feeding (on-site)
A11: Adabolava | B11: MG53519190007001 | C11: Treatment of moderate acute malnutrition
A12: AFONDRALAMBO EVAZY | B12: 621050001 | C12: School feeding (on-site)
A13: AFONDRAVOATSY NORD | B13: 609020007 | C13: School feeding (on-site)
A14: AFONDRIAMBITA | B14: 607080013 | C14: School feeding (on-site)
A15: AGNAFONDRAVOAY | B15: MG53517150085001 | C15: Treatment of moderate acute malnutrition
A16: Agnalalava | B16: MG52513030010001 | C16: Treatment of moderate acute malnutrition
A17: AGNALAMENA | B17: 612190022 | C17: School feeding (on-site)
A18: AGNALAMIHOATSE | B18: 609040047 | C18: School feeding (on-site)
A19: Agnalamisaka | B19: MG51507050020001 | C19: Treatment of moderate acute malnutrition
A20: Agnanademby | B20: MG52513030020001 | C20: Treatment of moderate acute malnutrition
A21: AGNANAKIRIHITSE | B21: 609020035 | C21: School feeding (on-site)
A22: AGNANATSAKOA SOATAMEA | B22: 604190013 | C22: School feeding (on-site)
A23: Agnanilahy | B23: MG52516170043 | C23: Prevention of acute malnutrition
A24: Agnaramaike | B24: MG51507050015002 | C24: Treatment of moderate acute malnutrition
A25: AGNARAMAIKY | B25: 605010014 | C25: School feeding (on-site)
A26: Agnaramalinike | B26: MG51507050015001 | C26: Treatment of moderate acute malnutrition
A27: Agnaramiteraka | B27: MG51507070057001 | C27: Treatment of moderate acute malnutrition
A28: Agnena | B28: MG51507190008001 | C28: Treatment of moderate acute malnutrition
A29: AGNENA CENTRE | B29: 605170018 | C29: School feeding (on-site)
A30: AGNENA SUD | B30: 605170017 | C30: School feeding (on-site)
A31: Agnena-Ankiliabo | B31: MG51507070076001 | C31: Treatment of moderate acute malnutrition
A32: Agnirinihamba | B32: MG52513030003001 | C32: Treatment of moderate acute malnutrition
A33: Agnivovorano | B33: MG52516151080009 | C33: Prevention of stunting
A34: Agnorike | B34: MG52516111017001 | C34: Treatment of moderate acute malnutrition
A35: AJAFARO | B35: MG52516170069001 | C35: Treatment of moderate acute malnutrition
A36: Akarana | B36: MG52518092089 | C36: Prevention of acute malnutrition
A37: AKILETOKA | B37: 609020028 | C37: School feeding (on-site)
A38: Akonatsy | B38: MG52518152051001 | C38: Treatment of moderate acute malnutrition
A39: AKONDRIA | B39: MG52518251077001 | C39: Treatment of moderate acute malnutrition
A40: Akororoky Mahazosoa | B40: MG52516071030 | C40: Prevention of acute malnutrition
A41: Alohavala | B41: MG25217051006001 | C41: Treatment of moderate acute malnutrition
A42: Ambahevahe | B42: MG51520358003001 | C42: Treatment of moderate acute malnutrition
A43: Ambahevahe-Amborompotsy | B43: MG51507050003001 | C43: Treatment of moderate acute malnutrition
A44: AMBAHITA | B44: 607010023 | C44: School feeding (on-site)
A45: Ambahita centrale | B45: MG52518151045001 | C45: Treatment of moderate acute malnutrition
A46: Ambahita Centre | B46: MG52518151001 | C46: Prevention of acute malnutrition
A47: AMBAHONA | B47: 117080002 | C47: School feeding (on-site)
A48: Ambahotera | B48: 605140001 | C48: School feeding (on-site)
A49: Ambahotera | B49: MG51507090011001 | C49: Treatment of moderate acute malnutrition
A50: Ambahy Ianakafy | B50: MG53519070006001 | C50: Treatment of moderate acute malnutrition
A51: AMBAKOANA | B51: 317250009 | C51: School feeding (on-site)
A52: Ambalabe Beavoha | B52: 605130008 | C52: School feeding (on-site)
A53: Ambalabe Beavoha | B53: MG51507310027001 | C53: Prevention of stunting
A54: Ambalabe(Mahatsara) | B54: MG25217030004001 | C54: Treatment of moderate acute malnutrition
A55: Ambaladara | B55: 317170003 | C55: School feeding (on-site)
A56: Ambaladara | B56: MG23209110002001 | C56: Prevention of stunting
A57: Ambaladoda | B57: MG51507310043001 | C57: Treatment of moderate acute malnutrition
A58: Ambalagoavy | B58: MG23211011007001 | C58: Treatment of moderate acute malnutrition
A59: Ambalahazo | B59: MG33312152009001 | C59: Treatment of moderate acute malnutrition
A60: AMBALAHORAKY | B60: 320040009 | C60: School feeding (on-site)
A61: Ambalahosy sud | B61: 317090004 | C61: School feeding (on-site)
A62: Ambalakazaha | B62: MG41405090003001 | C62: Treatment of moderate acute malnutrition
A63: AMBALAKONDRO | B63: 317180002 | C63: School feeding (on-site)
A64: AMBALALANGY | B64: 614020016 | C64: School feeding (on-site)
A65: Ambalamasy | B65: MG52513070061001 | C65: Treatment of moderate acute malnutrition
A66: Ambalandambo | B66: MG51507310090001 | C66: Treatment of moderate acute malnutrition
A67: AMBALANOSY | B67: 607140013 | C67: School feeding (on-site)
A68: AMBALANOSY | B68: 609050007 | C68: School feeding (on-site)
A69: Ambalaromba | B69: 317230004 | C69: School feeding (on-site)
A70: Ambalasaraka | B70: MG52518251003002 | C70: Treatment of moderate acute malnutrition
A71: Ambalasaraka Bekily | B71: MG52518251003001 | C71: Prevention of stunting
A72: AMBALASAVOA | B72: 320110003 | C72: School feeding (on-site)
A73: Ambalatany | B73: MG51507290070001 | C73: Prevention of stunting
A74: Ambalatany-Ambalatany | B74: MG25213471001001 | C74: Treatment of moderate acute malnutrition
A75: AMBALATENINA | B75: MG31310130010001 | C75: Treatment of moderate acute malnutrition
A76: Ambalatraka | B76: MG25213410001001 | C76: Treatment of moderate acute malnutrition
A77: Ambalatsiefa | B77: 605020010 | C77: School feeding (on-site)
A78: Ambalatsiefa | B78: MG51506050020001 | C78: Treatment of moderate acute malnutrition
A79: Ambalatsimivike | B79: 605130009 | C79: School feeding (on-site)
A80: Ambalatsimivike | B80: MG51507310039 | C80: Prevention of acute malnutrition
A81: Ambalatsimiviky | B81: MG51507310039001 | C81: Prevention of stunting
A82: Ambalatsmiviky | B82: MG51507310039002 | C82: Treatment of moderate acute malnutrition
A83: Ambalavato | B83: MG51507010003001 | C83: Treatment of moderate acute malnutrition
A84: AMBALAVATO CENTRE | B84: 605020023 | C84: School feeding (on-site)
A85: Ambalavato Nord | B85: MG51503011004001 | C85: Treatment of moderate acute malnutrition
A86: AMBALAVOLO | B86: MG23211011003001 | C86: Treatment of moderate acute malnutrition
A87: Ambalavolo-Efatsy | B87: MG25213430003001 | C87: Treatment of moderate acute malnutrition
A88: AMBALAVOTAKA | B88: 309070002 | C88: School feeding (on-site)
A89: AMBALIANDRO | B89: 605020002 | C89: School feeding (on-site)
A90: AMBALIANDRO | B90: 621050002 | C90: School feeding (on-site)
A91: Ambalolo | B91: MG25213110002001 | C91: Treatment of moderate acute malnutrition
A92: Ambanditse | B92: MG52516170025 | C92: Prevention of acute malnutrition
A93: Ambanekily sud | B93: MG52516013054001 | C93: Treatment of moderate acute malnutrition
A94: AMBANIALA | B94: 614030001 | C94: School feeding (on-site)
A95: AMBANIKILY NORD | B95: 604110001 | C95: School feeding (on-site)
A96: Ambanikily Volankira | B96: 621040003 | C96: School feeding (on-site)
A97: Ambanikily Volankira | B97: MG52514050078001 | C97: Treatment of moderate acute malnutrition
A98: AMBANINATO | B98: 603060004 | C98: School feeding (on-site)
A99: Ambanisarika | B99: 604010001 | C99: School feeding (on-site)
A100: Ambanisarika | B100: MG52516031001 | C100: Prevention of acute malnutrition
A101: Ambanisarika Centre | B101: MG52516031035001 | C101: Treatment of moderate acute malnutrition
A102: AMBANIZA | B102: 603120001 | C102: School feeding (on-site)
...

Sheet Sheet3
A3: Adm4Code | B3: Adm4Name
A4: MG23209031001 | B4: Tsaravary
A5: MG23209050001 | B5: Mahatsara Sud
A6: MG23209070001 | B6: Tsiatosika
A7: MG23209110001 | B7: Marokarima
A8: MG23209110002 | B8: Ambaladara
A9: MG23209110056 | B9: Marohandriana
A10: MG23210070001 | B10: Ambila
A11: MG23210070003 | B11: Andriana
A12: MG23210070004 | B12: Loharano
A13: MG23210070005 | B13: Mandrosovelo
A14: MG23210070009 | B14: Beanana
... A1555: MG43404070006 | B1555: Ankadibe
A1556: Grand Total

Sheet Sheet5
A3: Adm4Name | B3: Adm4Code | C3: Adm2Name
A4: Agnivovorano | B4: MG52516151080 | C4: Antanimora Atsimo
A5: Ambalabe Beavoha | B5: MG51507310027 | C5: Ampanihy Ouest
A6: Ambaladara | B6: MG23209110002 | C6: Mananjary
A7: Ambalasaraka | B7: MG52518251003 | C7: Bekily
A8: Ambalatany | B8: MG51507290070 | C8: Ampanihy Ouest
A9: Ambalatany | B9: MG25213471001 | C9: Farafangana
A10: Ambalatsimiviky | B10: MG51507310039 | C10: Ampanihy Ouest
A11: Ambaro | B11: MG52516130039 | C11: Antanimora Atsimo
A12: Ambaro | B12: MG23209032002 | C12: Tsihombe
A13: Ambatofotsy | B13: MG24216192004 | C13: Bekily
A14: Ambatomena | B14: MG53519050024 | C14: Amboasary-Atsimo
... A1582: (blank) | B1582: (blank) | C1582: Sakaraha

Sheet Sheet7
A3: Adm1Name | B3: Adm1Code | F3: Adm2Name | G3: Adm2Code | J3: Adm3Name | K3: Adm3Code | L3: Adm2Name | M3: Adm1Name | P3: Adm4Name | Q3: Adm4Code | R3: Adm3Name | S3: Adm2Name | T3: Adm1Name
A4: Amoron I Mania | B4: MG22 | F4: AMBOASARY ATSIMO | G4: MG53519 | J4: Alakamisy | K4: MG12118050 | L4: ANTSIRABE II | M4: Vakinankaratra | P4: Adabolava Sud | Q4: MG53519190007 | R4: MAHALY | S4: Amboasary-Atsimo | T4: Anosy
A5: Androy | B5: MG52 | F5: Amboasary-Atsimo | G5: MG53519 | J5: Ambahikily | K5: MG51504050 | L5: Morombe | M5: Atsimo Andrefana | P5: AGNAFONDRAVOAY | Q5: MG53517150085 | R5: Analamary | S5: Ambovombe-Androy | T5: Androy
A6: Anosy | B6: MG53 | F6: Ambositra | G6: MG22203 | J6: AMBAHITA | K6: MG52518151 | L6: Bekily | M6: Androy | P6: AGNANILAHY | Q6: (blank) | R6: JAFARO | S6: Antanimora Atsimo | T6: Androy
A7: Atsimo Andrefana | B7: MG51 | F7: Ambovombe-Androy | G7: MG52516 | J7: Ambalasoa | K7: MG53517070 | L7: Betroka | M7: Anosy | P7: Agnaramiteraka | Q7: MG51507070057 | R7: Ankilimivory | S7: Ampanihy Ouest | T7: Atsimo Andrefana
A8: Atsimo Atsinanana | B8: MG25 | F8: Ampanihy Ouest | G8: MG51507 | J8: Ambalatany | K8: MG25213471 | L8: Farafangana | M8: Atsimo Atsinanana | P8: Agnena | Q8: MG51507070076 | R8: Ankiliabo | S8: Ampanihy Ouest | T8: Atsimo Andrefana
A9: Fitovinany | B9: MG23A | F9: Antanimora Atsimo | G9: MG52516a | J9: Ambalavato Antevato | K9: MG25213552 | L9: Farafangana | M9: Atsimo Atsinanana | Q9: MG52513010017 | R9: Mahaenegne | S9: BELOHA | T9: Androy
A10: ITASY | B10: MG13 | F10: Antanimora Sud | G10: MG52516a | J10: Ambalavato Nord | K10: MG25213410 | L10: Farafangana | M10: Atsimo Atsinanana | P10: Agnena Centre | Q10: MG51507190008 | R10: Ankilimivory | S10: Ampanihy Ouest | T10: Atsimo Andrefana
A11: Vakinankaratra | B11: MG12 | F11: ANTSIRABE II | G11: MG12118 | J11: AMBANISARIKA | K11: MG52516031 | L11: Ambovombe-Androy | M11: Androy | P11: Agnirinihamba | Q11: MG52513030003 | R11: Tranovaho | S11: BELOHA | T11: Androy
B12: MG42 | F12: Arivonimamo | G12: MG13105 | J12: Ambatoabo | K12: MG53515112 | L12: Taolagnaro | M12: Anosy | P12: Agnivovorano | Q12: MG52516151080 | R12: Andalatanosy | S12: Antanimora Atsimo | T12: Androy
A13: Vatovavy | B13: MG23 | F13: Befotaka | G13: MG25222 | J13: Ambatofotsy | K13: MG23211031 | L13: Ikongo | M13: Vatovavy | P13: Agnorike | Q13: MG52516111017 | R13: Sihanamaro | S13: Ambovombe-Androy | T13: Androy
F14: Bekily | G14: MG52518 | J14: Ambatolava | K14: MG25214212 | L14: Vangaindrano | M14: Atsimo Atsinanana | P14: AJAFARO | Q14: MG52516170069 | R14: JAFARO | S14: Ambovombe-Androy | T14: Androy
F15: BELOHA | G15: MG52513 | J15: AMBATOMAINTY | K15: MG33312031 | L15: Bekily | M15: Androy | P15: AKARANA | Q15: (blank) | R15: TANAMBAO TSIRANDRANY | S15: Bekily | T15: Androy
F16: Betioky Atsimo | G16: MG51506 | J16: Ambatomanjaka | K16: MG13112050 | L16: Miarinarivo | M16: ITASY | P16: Akonatsy | Q16: MG52518152051 | R16: MAROVIRO | S16: Bekily | T16: Androy
F17: Betroka | G17: MG53517 | J17: AMBATOMIVARY | K17: MG53517350 | L17: Betroka | M17: Anosy | P17: AKONDRIA | Q17: MG52518251077 | R17: Andalatanosy | S17: Ambovombe-Androy | T17: Androy
F18: Farafangana | G18: MG25213 | J18: AMBATOSOLA | K18: MG52518091 | L18: Bekily | M18: Androy | P18: AKOROROKY MAHAZOSOA | Q18: (blank) | R18: MAROALOMAINTY | S18: Ambovombe-Androy | T18: Androy
F19: Ifanadiana | G19: MG23206 | J19: AMBATOTSIVALA | K19: MG52513091a | L19: BELOHA | M19: Androy | P19: Alohavala | Q19: MG25217051006 | R19: Mahazoarivo | S19: Vondrozo | T19: Atsimo Atsinanana
F20: Ikongo | G20: MG23211 | J20: Ambatry Mitsinjo | K20: MG51506013 | L20: Betioky Atsimo | M20: Atsimo Andrefana | P20: Ambahita centrale | Q20: MG52518151045 | R20: AMBAHITA | S20: Bekily | T20: Androy
F21: Manakara Atsimo | G21: MG23210 | J21: AMBAZOA | K21: MG52516092 | L21: Ambovombe-Androy | M21: Androy | P21: AMBAHITA CENTRE | Q21: (blank) | R21: AMBAHITA | S21: Bekily | T21: Androy
F22: Manandriana | G22: MG22223 | J22: Ambila | K22: MG23210070 | L22: Manakara Atsimo | M22: Vatovavy | P22: Ambahivahy | Q22: MG51507050003 | R22: Amborompotsy | S22: Ampanihy Ouest | T22: Atsimo Andrefana
F23: Mananjary | G23: MG23209 | J23: Ambinany | K23: MG51512150 | L23: Sakaraha | M23: Atsimo Andrefana | Q23: MG51520358003 | R23: Beheloka | S23: Toliary-II | T23: Atsimo Andrefana
F24: Miarinarivo | G24: MG13112 | J24: Amboanjo | K24: MG23210171 | L24: Manakara Atsimo | M24: Vatovavy | P24: Ambahotera | Q24: MG51507090011 | R24: Maniry | S24: Ampanihy Ouest | T24: Atsimo Andrefana
F25: Midongy-Atsimo | G25: MG25215 | J25: Amboasary Atsimo | K25: MG53519010 | L25: Amboasary-Atsimo | M25: Anosy | P25: Ambahy Ianakafy | Q25: MG53519070006 | R25: Sampona | S25: Amboasary-Atsimo | T25: Anosy
F26: Morombe | G26: MG51504 | J26: Ambodinonoka | K26: MG23209391 | L26: Mananjary | M26: Vatovavy | P26: Ambalabe Beavoha | Q26: MG51507310027 | R26: Itampolo | S26: Ampanihy Ouest | T26: Atsimo Andrefana
F27: Sakaraha | G27: MG51512 | J27: Ambodirano | K27: MG25217030b | L27: Vondrozo | M27: Atsimo Atsinanana | P27: Ambalabe Mahatsara | Q27: MG25217030004 | R27: Ambodirano | S27: Vondrozo | T27: Atsimo Atsinanana
F28: Taolagnaro | G28: MG53515 | J28: Ambohibary | K28: MG12118331 | L28: ANTSIRABE II | M28: Vakinankaratra | P28: Ambaladara | Q28: MG23209110002 | R28: Marokarima | S28: Mananjary | T28: Vatovavy
F29: Toliary-I | G29: MG51501 | J29: Ambohigogo | K29: MG25213270 | L29: Farafangana | M29: Atsimo Atsinanana | P29: Ambaladoda | Q29: MG51507310043 | R29: Androipano | S29: Ampanihy Ouest | T29: Atsimo Andrefana
F30: Toliary-II | G30: MG51520 | J30: Ambohimahavelona | K30: MG51520111 | L30: Toliary-II | M30: Atsimo Andrefana | P30: Ambalagoavy | Q30: MG23211011007 | R30: Ikongo | S30: Ikongo | T30: Vatovavy
F31: Tsihombe | G31: MG52514 | J31: AMBOHIMALAZA | K31: MG52516033 | L31: Ambovombe-Androy | M31: Androy | P31: Ambalahazo | Q31: MG33312152009 | R31: Betioky Atsimo | S31: Betioky Atsimo | T31: Atsimo Andrefana
F32: Vangaindrano | G32: MG25214 | J32: Ambohimana | K32: MG25217090 | L32: Vondrozo | M32: Atsimo Atsinanana | P32: Ambalakazaha | Q32: MG41405090003 | R32: Andakana | S32: Vondrozo | T32: Atsimo Atsinanana
F33: Vohipeno | G33: MG23212 | J33: Ambohimandroso | K33: MG25213330 | L33: Farafangana | M33: Atsimo Atsinanana | P33: Ambalamasy | Q33: MG52513070061 | R33: Marolinta | S33: BELOHA | T33: Androy
F34: Vondrozo | G34: MG25217 | J34: Ambohimisafy | K34: MG23211092 | L34: Ikongo | M34: Vatovavy | P34: Ambalandambo | Q34: MG51507310090 | R34: Androipano | S34: Ampanihy Ouest | T34: Atsimo Andrefana
J35: Ambolomadinika | K35: MG23211012 | L35: Ikongo | M35: Vatovavy | P35: Ambalasaraka | Q35: MG52518251003 | R35: Beraketa | S35: Bekily | T35: Androy
J36: AMBONAIVO | K36: MG52516050 | L36: Ambovombe-Androy | M36: Androy | P36: Ambalatany | Q36: MG25213471001 | R36: Ambalatany | S36: Farafangana | T36: Atsimo Atsinanana
J37: AMBONDRO | K37: MG52516091 | L37: Ambovombe-Androy | M37: Androy | Q37: MG51507290070 | R37: Fotadrevo | S37: Ampanihy Ouest | T37: Atsimo Andrefana
J38: Ambongo | K38: MG25214211 | L38: Vangaindrano | M38: Atsimo Atsinanana | P38: Ambalatenina | Q38: MG31310130010 | R38: Ambatofotsy | S38: Ikongo | T38: Vatovavy
J39: Amborompotsy | K39: MG51507050 | L39: Ampanihy Ouest | M39: Atsimo Andrefana | P39: Ambalatraka | Q39: MG25213410001 | R39: Ambalavato Nord | S39: Farafangana | T39: Atsimo Atsinanana
J40: Amborondra | K40: MG23210430 | L40: Manakara Atsimo | M40: Vatovavy | P40: Ambalatsiefa | Q40: MG51506050020 | R40: Ampanihy Ouest | S40: Ampanihy Ouest | T40: Atsimo Andrefana
J41: Ambositra I | K41: MG22203010 | L41: Ambositra | M41: Amoron I Mania | P41: AMBALATSIMIVIKE | Q41: (blank) | R41: Androipano | S41: Ampanihy Ouest | T41: Atsimo Andrefana
J42: Ambositra II | K42: MG22203030 | L42: Ambositra | M42: Amoron I Mania | P42: Ambalatsimiviky | Q42: MG51507310039 | R42: Androipano | S42: Ampanihy Ouest | T42: Atsimo Andrefana
J43: AMBOVOMBE | K43: MG52516011 | L43: Ambovombe-Androy | M43: Androy | P43: Ambalavato | Q43: MG51507010003 | R43: Ampanihy Ouest | S43: Ampanihy Ouest | T43: Atsimo Andrefana
J44: AMPAMATA | K44: MG52516152 | L44: Ambovombe-Androy | M44: Androy | P44: Ambalavato Nord | Q44: MG51503011004 | R44: Ambalavato Nord | S44: Farafangana | T44: Atsimo Atsinanana
L45: Antanimora Sud | M45: Androy | P45: Ambalavolo | Q45: MG23211011003 | R45: Ikongo | S45: Ikongo | T45: Vatovavy
J46: Ampanihy centre | K46: MG51507010 | L46: Ampanihy Ouest | M46: Atsimo Andrefana | Q46: MG25213430003 | R46: Efatsy | S46: Farafangana | T46: Atsimo Atsinanana
J47: Ampanihy Ouest | K47: MG51507010 | L47: Ampanihy Ouest | M47: Atsimo Andrefana | P47: Ambalolo | Q47: MG25213110002 | R47: Ivandrika | S47: Farafangana | T47: Atsimo Atsinanana
K48: MG54509070 | L48: Ampanihy Ouest | M48: Atsimo Andrefana | P48: AMBANDITSE | Q48: (blank) | R48: JAFARO | S48: Antanimora Atsimo | T48: Androy
J49: Ampasimalemy | K49: MG25214031 | L49: Vangaindrano | M49: Atsimo Atsinanana | P49: Ambanekily sud | Q49: MG52516013054 | R49: ERADA | S49: Ambovombe-Androy | T49: Androy
J50: Ampasimena | K50: MG53515230 | L50: Taolagnaro | M50: Anosy | P50: Ambanikily Volankira | Q50: MG52514050078 | R50: Marovato | S50: Tsihombe | T50: Androy
J51: Ampasy Nahampoana | K51: MG53515031 | L51: Taolagnaro | M51: Anosy | P51: AMBANISARIKA | Q51: (blank) | R51: AMBANISARIKA | S51: Ambovombe-Androy | T51: Androy
J52: Ampataka | K52: MG25214132 | L52: Vangaindrano | M52: Atsimo Atsinanana | P52: Ambanisarika Centre | Q52: MG52516031035 | R52: AMBANISARIKA | S52: Ambovombe-Androy | T52: Androy
J53: Amporoforo | K53: MG25213190 | L53: Farafangana | M53: Atsimo Atsinanana | P53: Ambaraholona | Q53: MG23211051004 | R53: Manampatrana | S53: Ikongo | T53: Vatovavy
J54: Anakao | K54: MG51520132 | L54: Toliary-II | M54: Atsimo Andrefana | P54: Ambararata | Q54: MG25215031004 | R54: Ankazombalala | S54: Betioky Atsimo | T54: Atsimo Andrefana
J55: Analamary | K55: MG53517110 | L55: Ambovombe-Androy | M55: Androy | P55: Ambararata Centre | Q55: MG52516130a_14 | R55: Andoharano | S55: Ambovombe-Androy | T55: Androy
L56: Betroka | M56: Anosy | P56: Ambararata Haut | Q56: MG51507050002 | R56: Amborompotsy | S56: Ampanihy Ouest | T56: Atsimo Andrefana
J57: Analamisampy | K57: MG51520330 | L57: Toliary-II | M57: Atsimo Andrefana | P57: Ambararata Nord | Q57: MG53517332003 | R57: SAKAMAHILY | S57: Betroka | T57: Anosy
J58: Analapatsy | K58: MG53515114 | L58: Taolagnaro | M58: Anosy | P58: Ambararata Ouest | Q58: MG52518010006 | R58: MORAFENO BEKILY | S58: Bekily | T58: Androy
J59: Analavory | K59: MG23210272 | L59: Manakara Atsimo | M59: Vatovavy | P59: Ambarimafaitra | Q59: MG25217090002 | R59: Ambohimana | S59: Vondrozo | T59: Atsimo Atsinanana
J60: Anandravy | K60: MG25217013 | L60: Vondrozo | M60: Atsimo Atsinanana | P60: Ambario | Q60: MG51506191011 | R60: Andranomangatsiaka | S60: Betioky Atsimo | T60: Atsimo Andrefana
J61: Anavoha | K61: MG51507290a | L61: Ampanihy Ouest | M61: Atsimo Andrefana | P61: Ambaro | Q61: MG23209032002 | R61: Marovato | S61: Tsihombe | T61: Androy
J62: Andakana | K62: MG25217170 | L62: Vondrozo | M62: Atsimo Atsinanana | Q62: MG52516130039 | R62: Antanimora | S62: Antanimora Atsimo | T62: Androy
J63: Andalatanosy | K63: MG52516151 | L63: Ambovombe-Androy | M63: Androy | P63: AMBARO CENTE | Q63: (blank) | R63: Antanimora | S63: Antanimora Atsimo | T63: Androy
L64: Antanimora Atsimo | M64: Androy | P64: Ambaro III | Q64: MG52516072072 | R64: MAROALOPOTY | S64: Ambovombe-Androy | T64: Androy
L65: Antanimora Sud | M65: Androy | P65: Ambaromanoy | Q65: MG52514071014 | R65: Antaritarika | S65: Tsihombe | T65: Androy
J66: Andamasiny Vineta | K66: MG51512111 | L66: Sakaraha | M66: Atsimo Andrefana | P66: AMBARY | Q66: (blank) | R66: JAFARO | S66: Antanimora Atsimo | T66: Androy
J67: Andefampony | K67: MG23211092a | L67: Ikongo | M67: Vatovavy | P67: Ambasy | Q67: MG53519050014 | R67: BELINDO MAHASOA | S67: Bekily | T67: Androy
J68: Andina | K68: MG22203090 | L68: Ambositra | M68: Amoron I Mania | P68: Ambatofotsy | Q68: MG24216192004 | R68: Anivorano Mitsinjo | S68: Bekily | T68: Androy
J69: Andoharano | K69: MG25217030a | L69: Vondrozo | M69: Atsimo Atsinanana | P69: Ambatofotsy I | Q69: MG51507250005 | R69: Vohitany | S69: Ampanihy Ouest | T69: Atsimo Andrefana
K70: MG52516130a | L70: Ambovombe-Androy | M70: Androy | P70: Ambatofotsy Mahasoa | Q70: (blank) | R70: Sakamasay | S70: Betioky Atsimo | T70: Atsimo Andrefana
L71: Antanimora Sud | M71: Androy | P71: Ambatofoty | Q71: MG52513050078 | R71: Kopoky | S71: BELOHA | T71: Androy
J72: ANDRAGNANIVO | K72: MG52516170a | L72: Ambovombe-Androy | M72: Androy | P72: Ambatofoty Ouest | Q72: MG51506015003 | R72: Maroarivo Ankazomanga | S72: Betioky Atsimo | T72: Atsimo Andrefana
L73: Antanimora Sud | M73: Androy | P73: Ambatokapike | Q73: MG51507150062 | R73: Ejeda | S73: Ampanihy Ouest | T73: Atsimo Andrefana
J74: Andranobory | K74: MG53515115 | L74: Taolagnaro | M74: Anosy | P74: AMBATOKAPIKE CENTRE | Q74: (blank) | R74: Ejeda | S74: Ampanihy Ouest | T74: Atsimo Andrefana
J75: Andranohinaly | K75: MG51520112 | L75: Toliary-II | M75: Atsimo Andrefana | P75: Ambatokapike Sud | Q75: MG51506050018 | R75: Masiaboay | S75: Betioky Atsimo | T75: Atsimo Andrefana
J76: Andranolalina | K76: MG25215031 | L76: Midongy-Atsimo | M76: Atsimo Atsinanana | P76: Ambatolahitsirara | Q76: MG51507130010 | R76: Ankilimivory | S76: Ampanihy Ouest | T76: Atsimo Andrefana
J77: Andranomangatsiaka | K77: MG51506191 | L77: Betioky Atsimo | M77: Atsimo Andrefana | Q77: MG54509070010 | R77: Ampanihy Ouest | S77: Ampanihy Ouest | T77: Atsimo Andrefana
J78: Andranomiely | K78: MG13105216 | L78: Arivonimamo | M78: ITASY | P78: Ambatolampy | Q78: MG23A21101108 | R78: Ikongo | S78: Ikongo | T78: Vatovavy
J79: Androipano | K79: MG51507310a | L79: Ampanihy Ouest | M79: Atsimo Andrefana | P79: Ambatolava | Q79: MG31309050014 | R79: Ambatolava | S79: Vangaindrano | T79: Atsimo Atsinanana
J80: Androka | K80: MG51507230 | L80: Ampanihy Ouest | M80: Atsimo Andrefana | P80: Ambatomainty | Q80: MG25222012002 | R80: Antondabe | S80: Befotaka | T80: Atsimo Atsinanana
J81: Anilobe | K81: MG25214112 | L81: Vangaindrano | M81: Atsimo Atsinanana | Q81: MG51506210002 | R81: Soamanonga | S81: Betioky Atsimo | T81: Atsimo Andrefana
J82: Anivorano Mitsinjo | K82: MG52518290 | L82: Bekily | M82: Androy | Q82: MG52516014002 | R82: AMBATOMAINTY | S82: Bekily | T82: Androy
J83: Anja Nord | K83: MG52518050 | L83: Bekily | M83: Androy | Q83: MG52518230002 | R83: BEKITRO | S83: Bekily | T83: Androy
J84: Anjampaly | K84: MG52514032 | L84: Tsihombe | M84: Androy | Q84: MG53519090002 | R84: Ifotaka | S84: Amboasary-Atsimo | T84: Anosy
J85: Anjeky Ankilikira | K85: MG52516014 | L85: Ambovombe-Androy | M85: Androy | P85: AMBATOMAINTY HAUT | Q85: (blank) | R85: AMBAHITA | S85: Bekily | T85: Androy
J86: ANJEKY BEGNANTARA | K86: MG52516014 | L86: Ambovombe-Androy | M86: Androy | P86: Ambatomainty II | Q86: (blank) | R86: Soamanonga | S86: Betioky Atsimo | T86: Atsimo Andrefana
J87: Ankaramena | K87: MG53515090 | L87: Taolagnaro | M87: Anosy | P87: Ambatomanambahatse | Q87: MG51507050004 | R87: Amborompotsy | S87: Ampanihy Ouest | T87: Atsimo Andrefana
J88: Ankarana Miraihina | K88: MG25213350 | L88: Farafangana | M88: Atsimo Atsinanana | P88: Ambatomena | Q88: MG51507290050 | R88: Anavoha | S88: Ampanihy Ouest | T88: Atsimo Andrefana
J89: ANKARANABO NORD | K89: MG52518031 | L89: Bekily | M89: Androy | Q89: MG53517250004 | R89: BEKOROBO | S89: Betroka | T89: Anosy
J90: Ankariera | K90: MG53515113 | L90: Taolagnaro | M90: Anosy | Q90: MG53519050024 | R90: Tanandava Sud | S90: Amboasary-Atsimo | T90: Anosy
J91: Ankatsakantsa atsimo_Nosy Ambositra | K91: MG51504090 | L91: Morombe | M91: Atsimo Andrefana | P91: Ambatomihala | Q91: MG53517310005 | R91: IANAKAFY | S91: Betroka | T91: Anosy
J92: Ankazoambo | K92: MG22203050 | L92: Ambositra | M92: Amoron I Mania | P92: AMBATORATY | Q92: MG52516170070 | R92: JAFARO | S92: Ambovombe-Androy | T92: Androy
J93: Ankazomanga Ouest | K93: MG51506014 | L93: Betioky Atsimo | M93: Atsimo Andrefana | P93: Ambatoroheva | Q93: MG54509030052 | R93: Ankilizato | S93: Ampanihy Ouest | T93: Atsimo Andrefana
J94: Ankazombalala | K94: MG51506130 | L94: Betioky Atsimo | M94: Atsimo Andrefana | P94: Ambatosarotra | Q94: MG25214290004 | R94: Fenoambany | S94: Vangaindrano | T94: Atsimo Atsinanana
J95: Ankazovelo | K95: MG25215012 | L95: Midongy-Atsimo | M95: Atsimo Atsinanana | P95: Ambatosola Centre | Q95: MG53519130033 | R95: AMBATOSOLA | S95: Bekily | T95: Androy
J96: Ankiliabo | K96: MG51507030 | L96: Ampanihy Ouest | M96: Atsimo Andrefana | P96: AMBATOTSIVALA | Q96: (blank) | R96: AMBATOTSIVALA | S96: BELOHA | T96: Androy
J97: Ankililoaka | K97: MG51520310 | L97: Toliary-II | M97: Atsimo Andrefana | P97: AMBATOVAKY | Q97: MG43404171013 | R97: Vohitany | S97: Ampanihy Ouest | T97: Atsimo Andrefana
J98: Ankilimary | K98: MG51521031b | L98: Betioky Atsimo | M98: Atsimo Andrefana | Q98: MG51507150063 | R98: Ejeda | S98: Ampanihy Ouest | T98: Atsimo Andrefana
J99: Ankilimivory | K99: MG51507130 | L99: Ampanihy Ouest | M99: Atsimo Andrefana | Q99: (blank) | R99: Ejeda | S99: Ampanihy Ouest | T99: Atsimo Andrefana
L100: Toliary-II | M100: Atsimo Andrefana | P100: Ambatovaky Haut | Q100: MG51507310060 | R100: Belafike Haut | S100: Ampanihy Ouest | T100: Atsimo Andrefana
J101: Ankilivalo | K101: MG51506192 | L101: Betioky Atsimo | M101: Atsimo Andrefana | P101: Ambatovita | Q101: MG53517050003 | R101: BENATO TOBY | S101: Betroka | T101: Anosy
J102: Ankilizato | K102: MG51507070 | L102: Ampanihy Ouest | M102: Atsimo Andrefana | P102: Ambatry Ambony | Q102: MG51506013009 | R102: Ambatry Mitsinjo | S102: Betioky Atsimo | T102: Atsimo Andrefana
...

Sheet Sites
A2: ID | B2: Field_office | C2: Field_office_code | D2: Field_office_code_ancien | E2: Adm1Name | F2: Adm1Code | G2: Adm1Code_ancien | H2: Adm2Name | I2: Adm2Code | J2: Adm2Code_ancien | K2: Adm3Name | L2: Adm3Code | M2: Adm3Code_ancien | N2: Adm4Name | O2: Adm4Code | P2: Adm4Code_ancien | Q2: POIName | R2: POI_code | S2: POI_code_ancien | T2: Activity_tag | U2: Tag_Code | V2: HHCoord | W2: Longitude | X2: Latitude | Y2: Latest Visit | Z2: Performance
A3: =+R3&U3 -> 0SMP | B3: Antananarivo | C3: =+VLOOKUP(Sites_per_tag[[#This Row],[Field_office]],Parameter!$A$3:$B$11,2,0) -> 3 | E3: Vakinankaratra | F3: MG42 | H3: =PROPER(Sites_per_tag[[#This Row],[Adm2Name]]) -> Antsirabe Ii | I3: MG12118 | K3: Tsarahonenana | L3: MG12118350 | Q3: SOAMAHATAZANA | R3: 0 | T3: School feeding (on-site) | U3: =+VLOOKUP(Sites_per_tag[[#This Row],[Activity_tag]],Parameter!$A$24:$B$32,2,0) -> SMP | W3: 47.2636 | X3: -19.98722
A4: =+R4&U4 -> 111010003SMP | B4: Antananarivo | C4: =+VLOOKUP(Sites_per_tag[[#This Row],[Field_office]],Parameter!$A$3:$B$11,2,0) -> 3 | E4: Vakinankaratra | F4: MG12 | H4: =PROPER(Sites_per_tag[[#This Row],[Adm2Name]]) -> Antsirabe Ii | I4: MG12118 | K4: Alakamisy | L4: MG12118050 | Q4: MAHABODO | R4: 111010003 | T4: School feeding (on-site) | U4: =+VLOOKUP(Sites_per_tag[[#This Row],[Activity_tag]],Parameter!$A$24:$B$32,2,0) -> SMP | W4: 47.16427 | X4: -20.110253
A5: =+R5&U5 -> 111050003SMP | B5: Antananarivo | C5: =+VLOOKUP(Sites_per_tag[[#This Row],[Field_office]],Parameter!$A$3:$B$11,2,0) -> 3 | E5: Vakinankaratra | F5: MG12 | H5: =PROPER(Sites_per_tag[[#This Row],[Adm2Name]]) -> Antsirabe Ii | I5: MG12118 | K5: Ambohibary | L5: MG12118331 | Q5: AMBATOMAINTY-AMPETSAPETSA | R5: 111050003 | T5: School feeding (on-site) | U5: =+VLOOKUP(Sites_per_tag[[#This Row],[Activity_tag]],Parameter!$A$24:$B$32,2,0) -> SMP | W5: 47.0878 | X5: -19.51342
A6: =+R6&U6 -> 111050005SMP | B6: Antananarivo | C6: =+VLOOKUP(Sites_per_tag[[#This Row],[Field_office]],Parameter!$A$3:$B$11,2,0) -> 3 | E6: Vakinankaratra | F6: MG12 | H6: =PROPER(Sites_per_tag[[#This Row],[Adm2Name]]) -> Antsirabe Ii | I6: MG12118 | K6: Ambohibary | L6: MG12118331 | Q6: AMBOHIBARY | R6: 111050005 | T6: School feeding (on-site) | U6: =+VLOOKUP(Sites_per_tag[[#This Row],[Activity_tag]],Parameter!$A$24:$B$32,2,0) -> SMP | W6: 47.140737 | X6: -19.616846
A7: =+R7&U7 -> 111050007SMP | B7: Antananarivo | C7: =+VLOOKUP(Sites_per_tag[[#This Row],[Field_office]],Parameter!$A$3:$B$11,2,0) -> 3 | E7: Vakinankaratra | F7: MG12 | H7: =PROPER(Sites_per_tag[[#This Row],[Adm2Name]]) -> Antsirabe Ii | I7: MG12118 | K7: Ambohibary | L7: MG12118331 | Q7: AMBOHIMARINA | R7: 111050007 | T7: School feeding (on-site) | U7: =+VLOOKUP(Sites_per_tag[[#This Row],[Activity_tag]],Parameter!$A$24:$B$32,2,0) -> SMP | W7: 47.0878 | X7: -19.51342
A8: =+R8&U8 -> 111050009SMP | B8: Antananarivo | C8: =+VLOOKUP(Sites_per_tag[[#This Row],[Field_office]],Parameter!$A$3:$B$11,2,0) -> 3 | E8: Vakinankaratra | F8: MG12 | H8: =PROPER(Sites_per_tag[[#This Row],[Adm2Name]]) -> Antsirabe Ii | I8: MG12118 | K8: Ambohibary | L8: MG12118331 | Q8: AMBONIATSIMO | R8: 111050009 | T8: School feeding (on-site) | U8: =+VLOOKUP(Sites_per_tag[[#This Row],[Activity_tag]],Parameter!$A$24:$B$32,2,0) -> SMP | W8: 47.0878 | X8: -19.51342
A9: =+R9&U9 -> 111050012SMP | B9: Antananarivo | C9: =+VLOOKUP(Sites_per_tag[[#This Row],[Field_office]],Parameter!$A$3:$B$11,2,0) -> 3 | E9: Vakinankaratra | F9: MG12 | H9: =PROPER(Sites_per_tag[[#This Row],[Adm2Name]]) -> Antsirabe Ii | I9: MG12118 | K9: Ambohibary | L9: MG12118331 | Q9: ANOSY | R9: 111050012 | T9: School feeding (on-site) | U9: =+VLOOKUP(Sites_per_tag[[#This Row],[Activity_tag]],Parameter!$A$24:$B$32,2,0) -> SMP | W9: 47.0878 | X9: -19.51342
A10: =+R10&U10 -> 111050015SMP | B10: Antananarivo | C10: =+VLOOKUP(Sites_per_tag[[#This Row],[Field_office]],Parameter!$A$3:$B$11,2,0) -> 3 | E10: Vakinankaratra | F10: MG12 | H10: =PROPER(Sites_per_tag[[#This Row],[Adm2Name]]) -> Antsirabe Ii | I10: MG12118 | K10: Ambohibary | L10: MG12118331 | Q10: ANTSAPANDRANO | R10: 111050015 | T10: School feeding (on-site) | U10: =+VLOOKUP(Sites_per_tag[[#This Row],[Activity_tag]],Parameter!$A$24:$B$32,2,0) -> SMP | W10: 47.0878 | X10: -19.51342
A11: =+R11&U11 -> 111050016SMP | B11: Antananarivo | C11: =+VLOOKUP(Sites_per_tag[[#This Row],[Field_office]],Parameter!$A$3:$B$11,2,0) -> 3 | E11: Vakinankaratra | F11: MG12 | H11: =PROPER(Sites_per_tag[[#This Row],[Adm2Name]]) -> Antsirabe Ii | I11: MG12118 | K11: Ambohibary | L11: MG12118331 | Q11: FARAVOHITRA | R11: 111050016 | T11: School feeding (on-site) | U11: =+VLOOKUP(Sites_per_tag[[#This Row],[Activity_tag]],Parameter!$A$24:$B$32,2,0) -> SMP | W11: 47.0878 | X11: -19.51342
A12: =+R12&U12 -> 111050018SMP | B12: Antananarivo | C12: =+VLOOKUP(Sites_per_tag[[#This Row],[Field_office]],Parameter!$A$3:$B$11,2,0) -> 3 | E12: Vakinankaratra | F12: MG12 | H12: =PROPER(Sites_per_tag[[#This Row],[Adm2Name]]) -> Antsirabe Ii | I12: MG12118 | K12: Ambohibary | L12: MG12118331 | Q12: MANDRITSARA | R12: 111050018 | T12: School feeding (on-site) | U12: =+VLOOKUP(Sites_per_tag[[#This Row],[Activity_tag]],Parameter!$A$24:$B$32,2,0) -> SMP | W12: 47.0878 | X12: -19.51342
A13: =+R13&U13 -> 111050022SMP | B13: Antananarivo | C13: =+VLOOKUP(Sites_per_tag[[#This Row],[Field_office]],Parameter!$A$3:$B$11,2,0) -> 3 | E13: Vakinankaratra | F13: MG12 | H13: =PROPER(Sites_per_tag[[#This Row],[Adm2Name]]) -> Antsirabe Ii | I13: MG12118 | K13: Ambohibary | L13: MG12118331 | Q13: SAMBAINA GARA | R13: 111050022 | T13: School feeding (on-site) | U13: =+VLOOKUP(Sites_per_tag[[#This Row],[Activity_tag]],Parameter!$A$24:$B$32,2,0) -> SMP | W13: 47.0878 | X13: -19.51342
A14: =+R14&U14 -> 111100002SMP | B14: Antananarivo | C14: =+VLOOKUP(Sites_per_tag[[#This Row],[Field_office]],Parameter!$A$3:$B$11,2,0) -> 3 | E14: Vakinankaratra | F14: MG12 | H14: =PROPER(Sites_per_tag[[#This Row],[Adm2Name]]) -> Antsirabe Ii | I14: MG12118 | K14: Antanambao | L14: MG12118370 | Q14: ANTOMBINANDRIANA | R14: 111100002 | T14: School feeding (on-site) | U14: =+VLOOKUP(Sites_per_tag[[#This Row],[Activity_tag]],Parameter!$A$24:$B$32,2,0) -> SMP | W14: 47.37375 | X14: -20.00165
... A1280: =+R1280&U1280 -> 621080040SMP | B1280: Ambovombe | C1280: =+VLOOKUP(Sites_per_tag[[#This Row],[Field_office]],Parameter!$A$3:$B$11,2,0) -> 6 | E1280: Androy | F1280: MG52 | H1280: =PROPER(Sites_per_tag[[#This Row],[Adm2Name]]) -> Tsihombe | I1280: MG52514 | K1280: Nikoly | L1280: MG52514012 | Q1280: NAMOIA | R1280: 621080040 | T1280: School feeding (on-site) | U1280: =+VLOOKUP(Sites_per_tag[[#This Row],[Activity_tag]],Parameter!$A$24:$B$32,2,0) -> SMP | W1280: 45.445308 | X1280: -25.401261
A1281: =+R1281&U1281 -> MG23209031001001STUNT | B1281: Manakara | C1281: =+VLOOKUP(Sites_per_tag[[#This Row],[Field_office]],Parameter!$A$3:$B$11,2,0) -> 4 | E1281: Vatovavy | F1281: MG23 | H1281: =PROPER(Sites_per_tag[[#This Row],[Adm2Name]]) -> Mananjary | I1281: MG23209 | K1281: Tsaravary | L1281: MG23209031 | N1281: Tsaravary | O1281: MG23209031001 | Q1281: Tsaravary | R1281: MG23209031001001 | T1281: Prevention of stunting | U1281: =+VLOOKUP(Sites_per_tag[[#This Row],[Activity_tag]],Parameter!$A$24:$B$32,2,0) -> STUNT | V1281: 48.29978 -21.23748 | W1281: 48.29978 | X1281: -21.23748
A1282: =+R1282&U1282 -> MG23209032002001MAM | B1282: Ambovombe | C1282: =+VLOOKUP(Sites_per_tag[[#This Row],[Field_office]],Parameter!$A$3:$B$11,2,0) -> 6 | E1282: Androy | F1282: MG52 | H1282: =PROPER(Sites_per_tag[[#This Row],[Adm2Name]]) -> Tsihombe | I1282: MG52514 | K1282: Marovato | L1282: MG52514050 | N1282: Ambaro | O1282: MG23209032002 | Q1282: Ambaro | R1282: MG23209032002001 | T1282: Treatment of moderate acute malnutrition | U1282: =+VLOOKUP(Sites_per_tag[[#This Row],[Activity_tag]],Parameter!$A$24:$B$32,2,0) -> MAM | W1282: 45.275901 | X1282: -25.500785
A1283: =+R1283&U1283 -> MG23209050001001STUNT | B1283: Manakara | C1283: =+VLOOKUP(Sites_per_tag[[#This Row],[Field_office]],Parameter!$A$3:$B$11,2,0) -> 4 | E1283: Vatovavy | F1283: MG23 | H1283: =PROPER(Sites_per_tag[[#This Row],[Adm2Name]]) -> Mananjary | I1283: MG23209 | K1283: Mahatsara Sud | L1283: MG23209050 | N1283: Mahatsara Sud | O1283: MG23209050001 | Q1283: Mahatsara Sud | R1283: MG23209050001001 | T1283: Prevention of stunting | U1283: =+VLOOKUP(Sites_per_tag[[#This Row],[Activity_tag]],Parameter!$A$24:$B$32,2,0) -> STUNT | V1283: 48.3196 -21.16913 | W1283: 48.3196 | X1283: -21.16913
A1284: =+R1284&U1284 -> MG23209050001PREV | B1284: Manakara | C1284: =+VLOOKUP(Sites_per_tag[[#This Row],[Field_office]],Parameter!$A$3:$B$11,2,0) -> 4 | E1284: Vatovavy | F1284: MG23 | H1284: =PROPER(Sites_per_tag[[#This Row],[Adm2Name]]) -> Mananjary | I1284: MG23209 | K1284: Mahatsara Sud | L1284: MG23209050 | N1284: Mahatsara Sud(Lavakianja) | Q1284: Mahatsara Sud(Lavakianja) | R1284: MG23209050001 | T1284: Prevention of acute malnutrition | U1284: =+VLOOKUP(Sites_per_tag[[#This Row],[Activity_tag]],Parameter!$A$24:$B$32,2,0) -> PREV | W1284: 48.29487 | X1284: -21.17837
A1285: =+R1285&U1285 -> MG23209070001001STUNT | B1285: Manakara | C1285: =+VLOOKUP(Sites_per_tag[[#This Row],[Field_office]],Parameter!$A$3:$B$11,2,0) -> 4 | E1285: Vatovavy | F1285: MG23 | H1285: =PROPER(Sites_per_tag[[#This Row],[Adm2Name]]) -> Mananjary | I1285: MG23209 | K1285: Tsiatosika | L1285: MG23209070 | N1285: Tsiatosika | O1285: MG23209070001 | Q1285: Tsiatosika | R1285: MG23209070001001 | T1285: Prevention of stunting | U1285: =+VLOOKUP(Sites_per_tag[[#This Row],[Activity_tag]],Parameter!$A$24:$B$32,2,0) -> STUNT | V1285: 48.23018 -21.1757 | W1285: 48.23018 | X1285: -21.1757
A1286: =+R1286&U1286 -> MG23209070001PREV | B1286: Manakara | C1286: =+VLOOKUP(Sites_per_tag[[#This Row],[Field_office]],Parameter!$A$3:$B$11,2,0) -> 4 | E1286: Vatovavy | F1286: MG23 | H1286: =PROPER(Sites_per_tag[[#This Row],[Adm2Name]]) -> Mananjary | I1286: MG23209 | K1286: Tsiatosika | L1286: MG23209070 | N1286: Tsiatosika | Q1286: Tsiatosika | R1286: MG23209070001 | T1286: Prevention of acute malnutrition | U1286: =+VLOOKUP(Sites_per_tag[[#This Row],[Activity_tag]],Parameter!$A$24:$B$32,2,0) -> PREV | W1286: 48.22485 | X1286: -21.2026
A1287: =+R1287&U1287 -> MG23209070055PREV | B1287: Manakara | C1287: =+VLOOKUP(Sites_per_tag[[#This Row],[Field_office]],Parameter!$A$3:$B$11,2,0) -> 4 | E1287: Vatovavy | F1287: MG23 | H1287: =PROPER(Sites_per_tag[[#This Row],[Adm2Name]]) -> Mananjary | I1287: MG23209 | K1287: Tsiatosika | L1287: MG23209070 | N1287: Anivorano | Q1287: Anivorano | R1287: MG23209070055 | T1287: Prevention of acute malnutrition | U1287: =+VLOOKUP(Sites_per_tag[[#This Row],[Activity_tag]],Parameter!$A$24:$B$32,2,0) -> PREV | W1287: 48.25255 | X1287: -21.10902
A1288: =+R1288&U1288 -> MG23209070066PREV | B1288: Manakara | C1288: =+VLOOKUP(Sites_per_tag[[#This Row],[Field_office]],Parameter!$A$3:$B$11,2,0) -> 4 | E1288: Vatovavy | F1288: MG23 | H1288: =PROPER(Sites_per_tag[[#This Row],[Adm2Name]]) -> Mananjary | I1288: MG23209 | K1288: Tsiatosika | L1288: MG23209070 | N1288: Ambohimiarina I | Q1288: Ambohimiarina I | R1288: MG23209070066 | T1288: Prevention of acute malnutrition | U1288: =+VLOOKUP(Sites_per_tag[[#This Row],[Activity_tag]],Parameter!$A$24:$B$32,2,0) -> PREV | W1288: 48.18883 | X1288: -21.19037
A1289: =+R1289&U1289 -> MG23209070077PREV | B1289: Manakara | C1289: =+VLOOKUP(Sites_per_tag[[#This Row],[Field_office]],Parameter!$A$3:$B$11,2,0) -> 4 | E1289: Vatovavy | F1289: MG23 | H1289: =PROPER(Sites_per_tag[[#This Row],[Adm2Name]]) -> Mananjary | I1289: MG23209 | K1289: Tsiatosika | L1289: MG23209070 | N1289: Ankarongana | Q1289: Ankarongana | R1289: MG23209070077 | T1289: Prevention of acute malnutrition | U1289: =+VLOOKUP(Sites_per_tag[[#This Row],[Activity_tag]],Parameter!$A$24:$B$32,2,0) -> PREV | W1289: 48.25255 | X1289: -21.10902
A1290: =+R1290&U1290 -> MG23209110001001STUNT | B1290: Manakara | C1290: =+VLOOKUP(Sites_per_tag[[#This Row],[Field_office]],Parameter!$A$3:$B$11,2,0) -> 4 | E1290: Vatovavy | F1290: MG23 | H1290: =PROPER(Sites_per_tag[[#This Row],[Adm2Name]]) -> Mananjary | I1290: MG23209 | K1290: Marokarima | L1290: MG23209110 | N1290: Marokarima | O1290: MG23209110001 | Q1290: Marokarima | R1290: MG23209110001001 | T1290: Prevention of stunting | U1290: =+VLOOKUP(Sites_per_tag[[#This Row],[Activity_tag]],Parameter!$A$24:$B$32,2,0) -> STUNT | V1290: 48.13763 -21.23452 | W1290: 48.13763 | X1290: -21.23452
A1291: =+R1291&U1291 -> MG23209110002001STUNT | B1291: Manakara | C1291: =+VLOOKUP(Sites_per_tag[[#This Row],[Field_office]],Parameter!$A$3:$B$11,2,0) -> 4 | E1291: Vatovavy | F1291: MG23 | H1291: =PROPER(Sites_per_tag[[#This Row],[Adm2Name]]) -> Mananjary | I1291: MG23209 | K1291: Marokarima | L1291: MG23209110 | N1291: Ambaladara | O1291: MG23209110002 | Q1291: Ambaladara | R1291: MG23209110002001 | T1291: Prevention of stunting | U1291: =+VLOOKUP(Sites_per_tag[[#This Row],[Activity_tag]],Parameter!$A$24:$B$32,2,0) -> STUNT | V1291: 48.10883 -21.16095 | W1291: 48.10883 | X1291: -21.16095
A1292: =+R1292&U1292 -> MG23209110056001STUNT | B1292: Manakara | C1292: =+VLOOKUP(Sites_per_tag[[#This Row],[Field_office]],Parameter!$A$3:$B$11,2,0) -> 4 | E1292: Vatovavy | F1292: MG23 | H1292: =PROPER(Sites_per_tag[[#This Row],[Adm2Name]]) -> Mananjary | I1292: MG23209 | K1292: Marokarima | L1292: MG23209110 | N1292: Marohandriana | O1292: MG23209110056 | Q1292: Marohandriana | R1292: MG23209110056001 | T1292: Prevention of stunting | U1292: =+VLOOKUP(Sites_per_tag[[#This Row],[Activity_tag]],Parameter!$A$24:$B$32,2,0) -> STUNT | V1292: 48.12778 -21.29582 | W1292: 48.12778 | X1292: -21.29582
A1293: =+R1293&U1293 -> MG23209170001PREV | B1293: Manakara | C1293: =+VLOOKUP(Sites_per_tag[[#This Row],[Field_office]],Parameter!$A$3:$B$11,2,0) -> 4 | E1293: Vatovavy | F1293: MG23 | H1293: =PROPER(Sites_per_tag[[#This Row],[Adm2Name]]) -> Mananjary | I1293: MG23209 | K1293: Marosangy | L1293: MG23209170 | N1293: Marosangy | Q1293: Marosangy | R1293: MG23209170001 | T1293: Prevention of acute malnutrition | U1293: =+VLOOKUP(Sites_per_tag[[#This Row],[Activity_tag]],Parameter!$A$24:$B$32,2,0) -> PREV | W1293: 48.28652 | X1293: -21.00638
A1294: =+R1294&U1294 -> MG23209170056PREV | B1294: Manakara | C1294: =+VLOOKUP(Sites_per_tag[[#This Row],[Field_office]],Parameter!$A$3:$B$11,2,0) -> 4 | E1294: Vatovavy | F1294: MG23 | H1294: =PROPER(Sites_per_tag[[#This Row],[Adm2Name]]) -> Mananjary | I1294: MG23209 | K1294: Marosangy | L1294: MG23209170 | N1294: Ambohimahasoa | Q1294: Ambohimahasoa | R1294: MG23209170056 | T1294: Prevention of acute malnutrition | U1294: =+VLOOKUP(Sites_per_tag[[#This Row],[Activity_tag]],Parameter!$A$24:$B$32,2,0) -> PREV | W1294: 48.25322 | X1294: -20.95078
A1295: =+R1295&U1295 -> MG23209230007001MAM | B1295: Manakara | C1295: =+VLOOKUP(Sites_per_tag[[#This Row],[Field_office]],Parameter!$A$3:$B$11,2,0) -> 4 | E1295: Vatovavy | F1295: MG23 | H1295: =PROPER(Sites_per_tag[[#This Row],[Adm2Name]]) -> Ikongo | I1295: MG23211 | K1295: Ambohimisafy | L1295: MG23211092 | N1295: Lavakianja | O1295: MG23209230007 | Q1295: LAVAKIANJA | R1295: MG23209230007001 | T1295: Treatment of moderate acute malnutrition | U1295: =+VLOOKUP(Sites_per_tag[[#This Row],[Activity_tag]],Parameter!$A$24:$B$32,2,0) -> MAM | W1295: 47.556879 | X1295: -21.491142
A1296: =+R1296&U1296 -> MG23209270001PREV | B1296: Manakara | C1296: =+VLOOKUP(Sites_per_tag[[#This Row],[Field_office]],Parameter!$A$3:$B$11,2,0) -> 4 | E1296: Vatovavy | F1296: MG23 | H1296: =PROPER(Sites_per_tag[[#This Row],[Adm2Name]]) -> Mananjary | I1296: MG23209 | K1296: Mahavoky Nord | L1296: MG23209270 | N1296: Mahavoky Nord | Q1296: Mahavoky Nord | R1296: MG23209270001 | T1296: Prevention of acute malnutrition | U1296: =+VLOOKUP(Sites_per_tag[[#This Row],[Activity_tag]],Parameter!$A$24:$B$32,2,0) -> PREV | W1296: 48.3018 | X1296: -20.84758
A1297: =+R1297&U1297 -> MG23209290011001MAM | B1297: Manakara | C1297: =+VLOOKUP(Sites_per_tag[[#This Row],[Field_office]],Parameter!$A$3:$B$11,2,0) -> 4 | E1297: Vatovavy | F1297: MG23 | H1297: =PROPER(Sites_per_tag[[#This Row],[Adm2Name]]) -> Ikongo | I1297: MG23211 | K1297: Ambatofotsy | L1297: MG23211031 | N1297: Mahasoa | O1297: MG23209290011 | Q1297: MAHASOA | R1297: MG23209290011001 | T1297: Treatment of moderate acute malnutrition | U1297: =+VLOOKUP(Sites_per_tag[[#This Row],[Activity_tag]],Parameter!$A$24:$B$32,2,0) -> MAM | W1297: 47.495319 | X1297: -21.79685
A1298: =+R1298&U1298 -> MG23210070001001STUNT | B1298: Manakara | C1298: =+VLOOKUP(Sites_per_tag[[#This Row],[Field_office]],Parameter!$A$3:$B$11,2,0) -> 4 | E1298: Vatovavy | F1298: MG23 | H1298: =PROPER(Sites_per_tag[[#This Row],[Adm2Name]]) -> Manakara Atsimo | I1298: MG23210 | K1298: Ambila | L1298: MG23210070 | N1298: Ambila | O1298: MG23210070001 | Q1298: Ambila | R1298: MG23210070001001 | T1298: Prevention of stunting | U1298: =+VLOOKUP(Sites_per_tag[[#This Row],[Activity_tag]],Parameter!$A$24:$B$32,2,0) -> STUNT | V1298: 47.9706 -22.00342 | W1298: 47.9706 | X1298: -22.00342
A1299: =+R1299&U1299 -> MG23210070003001STUNT | B1299: Manakara | C1299: =+VLOOKUP(Sites_per_tag[[#This Row],[Field_office]],Parameter!$A$3:$B$11,2,0) -> 4 | E1299: Vatovavy | F1299: MG23 | H1299: =PROPER(Sites_per_tag[[#This Row],[Adm2Name]]) -> Manakara Atsimo | I1299: MG23210 | K1299: Ambila | L1299: MG23210070 | N1299: Andriana | O1299: MG23210070003 | Q1299: Andriana | R1299: MG23210070003001 | T1299: Prevention of stunting | U1299: =+VLOOKUP(Sites_per_tag[[#This Row],[Activity_tag]],Parameter!$A$24:$B$32,2,0) -> STUNT | V1299: 47.96397 -21.93935 | W1299: 47.96397 | X1299: -21.93935
A1300: =+R1300&U1300 -> MG23210070004001STUNT | B1300: Manakara | C1300: =+VLOOKUP(Sites_per_tag[[#This Row],[Field_office]],Parameter!$A$3:$B$11,2,0) -> 4 | E1300: Vatovavy | F1300: MG23 | H1300: =PROPER(Sites_per_tag[[#This Row],[Adm2Name]]) -> Manakara Atsimo | I1300: MG23210 | K1300: Ambila | L1300: MG23210070 | N1300: Loharano | O1300: MG23210070004 | Q1300: Loharano | R1300: MG23210070004001 | T1300: Prevention of stunting | U1300: =+VLOOKUP(Sites_per_tag[[#This Row],[Activity_tag]],Parameter!$A$24:$B$32,2,0) -> STUNT | V1300: 48.10508 -21.95043 | W1300: 48.10508 | X1300: -21.95043
A1301: =+R1301&U1301 -> MG23210070005001STUNT | B1301: Manakara | C1301: =+VLOOKUP(Sites_per_tag[[#This Row],[Field_office]],Parameter!$A$3:$B$11,2,0) -> 4 | E1301: Vatovavy | F1301: MG23 | H1301: =PROPER(Sites_per_tag[[#This Row],[Adm2Name]]) -> Manakara Atsimo | I1301: MG23210 | K1301: Ambila | L1301: MG23210070 | N1301: Mandrosovelo | O1301: MG23210070005 | Q1301: Mandrosovelo | R1301: MG23210070005001 | T1301: Prevention of stunting | U1301: =+VLOOKUP(Sites_per_tag[[#This Row],[Activity_tag]],Parameter!$A$24:$B$32,2,0) -> STUNT | V1301: 47.99585 -21.9573 | W1301: 47.99585 | X1301: -21.9573
A1302: =+R1302&U1302 -> MG23210070009001STUNT | B1302: Manakara | C1302: =+VLOOKUP(Sites_per_tag[[#This Row],[Field_office]],Parameter!$A$3:$B$11,2,0) -> 4 | E1302: Vatovavy | F1302: MG23 | H1302: =PROPER(Sites_per_tag[[#This Row],[Adm2Name]]) -> Manakara Atsimo | I1302: MG23210 | K1302: Ambila | L1302: MG23210070 | N1302: Beanana | O1302: MG23210070009 | Q1302: Beanana | R1302: MG23210070009001 | T1302: Prevention of stunting | U1302: =+VLOOKUP(Sites_per_tag[[#This Row],[Activity_tag]],Parameter!$A$24:$B$32,2,0) -> STUNT | V1302: 48.00023 -22.0064 | W1302: 48.00023 | X1302: -22.0064
A1303: =+R1303&U1303 -> MG23210070055001STUNT | B1303: Manakara | C1303: =+VLOOKUP(Sites_per_tag[[#This Row],[Field_office]],Parameter!$A$3:$B$11,2,0) -> 4 | E1303: Vatovavy | F1303: MG23 | H1303: =PROPER(Sites_per_tag[[#This Row],[Adm2Name]]) -> Manakara Atsimo | I1303: MG23210 | K1303: Ambila | L1303: MG23210070 | N1303: Beretra | O1303: MG23210070055 | Q1303: Beretra | R1303: MG23210070055001 | T1303: Prevention of stunting | U1303: =+VLOOKUP(Sites_per_tag[[#This Row],[Activity_tag]],Parameter!$A$24:$B$32,2,0) -> STUNT | V1303: 47.9272 -21.97237 | W1303: 47.9272 | X1303: -21.97237
A1304: =+R1304&U1304 -> MG23210190003001MAM | B1304: Manakara | C1304: =+VLOOKUP(Sites_per_tag[[#This Row],[Field_office]],Parameter!$A$3:$B$11,2,0) -> 4 | E1304: Atsimo Atsinanana | F1304: MG25 | H1304: =PROPER(Sites_per_tag[[#This Row],[Adm2Name]]) -> Farafangana | I1304: MG25213 | K1304: Mahavelo | L1304: MG25213150 | N1304: Anivotsara | O1304: MG23210190003 | Q1304: Anivotsara | R1304: MG23210190003001 | T1304: Treatment of moderate acute malnutrition | U1304: =+VLOOKUP(Sites_per_tag[[#This Row],[Activity_tag]],Parameter!$A$24:$B$32,2,0) -> MAM | W1304: 47.71413 | X1304: -22.71685
A1305: =+R1305&U1305 -> MG23210190005001MAM | B1305: Manakara | C1305: =+VLOOKUP(Sites_per_tag[[#This Row],[Field_office]],Parameter!$A$3:$B$11,2,0) -> 4 | E1305: Vatovavy | F1305: MG23 | H1305: =PROPER(Sites_per_tag[[#This Row],[Adm2Name]]) -> Ikongo | I1305: MG23211 | K1305: Ikongo | L1305: MG23211011 | N1305: Ambohimiary | O1305: MG23210190005 | Q1305: AMBOHIMIARY | R1305: MG23210190005001 | T1305: Treatment of moderate acute malnutrition | U1305: =+VLOOKUP(Sites_per_tag[[#This Row],[Activity_tag]],Parameter!$A$24:$B$32,2,0) -> MAM | W1305: 47.3541 | X1305: -21.85525
A1306: =+R1306&U1306 -> MG23210271003001MAM | B1306: Manakara | C1306: =+VLOOKUP(Sites_per_tag[[#This Row],[Field_office]],Parameter!$A$3:$B$11,2,0) -> 4 | E1306: Atsimo Atsinanana | F1306: MG25 | H1306: =PROPER(Sites_per_tag[[#This Row],[Adm2Name]]) -> Vangaindrano | I1306: MG25214 | K1306: Tsiately | L1306: MG25214050 | N1306: Tsararano | O1306: MG23210271003 | Q1306: Tsararano(Com Tsiately) | R1306: MG23210271003001 | T1306: Treatment of moderate acute malnutrition | U1306: =+VLOOKUP(Sites_per_tag[[#This Row],[Activity_tag]],Parameter!$A$24:$B$32,2,0) -> MAM | W1306: 47.68962 | X1306: -23.28825
A1307: =+R1307&U1307 -> MG23210330004001MAM | B1307: Manakara | C1307: =+VLOOKUP(Sites_per_tag[[#This Row],[Field_office]],Parameter!$A$3:$B$11,2,0) -> 4 | E1307: Atsimo Atsinanana | F1307: MG25 | H1307: =PROPER(Sites_per_tag[[#This Row],[Adm2Name]]) -> Vondrozo | I1307: MG25217 | K1307: Manambidala | L1307: MG25217012 | N1307: Vohitromby | O1307: MG23210330004 | Q1307: Vohitromby | R1307: MG23210330004001 | T1307: Treatment of moderate acute malnutrition | U1307: =+VLOOKUP(Sites_per_tag[[#This Row],[Activity_tag]],Parameter!$A$24:$B$32,2,0) -> MAM | W1307: 47.33685 | X1307: -22.73113
A1308: =+R1308&U1308 -> MG23210510024001STUNT | B1308: Manakara | C1308: =+VLOOKUP(Sites_per_tag[[#This Row],[Field_office]],Parameter!$A$3:$B$11,2,0) -> 4 | E1308: Vatovavy | F1308: MG23 | H1308: =PROPER(Sites_per_tag[[#This Row],[Adm2Name]]) -> Manakara Atsimo | I1308: MG23210 | K1308: Anteza | L1308: MG23210510 | N1308: Mahavelo | O1308: MG23210510024 | Q1308: Mahavelo | R1308: MG23210510024001 | T1308: Prevention of stunting | U1308: =+VLOOKUP(Sites_per_tag[[#This Row],[Activity_tag]],Parameter!$A$24:$B$32,2,0) -> STUNT | V1308: 47.87122 -21.66877 | W1308: 47.87122 | X1308: -21.66877
A1309: =+R1309&U1309 -> MG23211011003001MAM | B1309: Manakara | C1309: =+VLOOKUP(Sites_per_tag[[#This Row],[Field_office]],Parameter!$A$3:$B$11,2,0) -> 4 | E1309: Vatovavy | F1309: MG23 | H1309: =PROPER(Sites_per_tag[[#This Row],[Adm2Name]]) -> Ikongo | I1309: MG23211 | K1309: Ikongo | L1309: MG23211011 | N1309: Ambalavolo | O1309: MG23211011003 | Q1309: AMBALAVOLO | R1309: MG23211011003001 | T1309: Treatment of moderate acute malnutrition | U1309: =+VLOOKUP(Sites_per_tag[[#This Row],[Activity_tag]],Parameter!$A$24:$B$32,2,0) -> MAM | W1309: 47.58875 | X1309: -23.11105
A1310: =+R1310&U1310 -> MG23211011007001MAM | B1310: Manakara | C1310: =+VLOOKUP(Sites_per_tag[[#This Row],[Field_office]],Parameter!$A$3:$B$11,2,0) -> 4 | E1310: Vatovavy | F1310: MG23 | H1310: =PROPER(Sites_per_tag[[#This Row],[Adm2Name]]) -> Ikongo | I1310: MG23211 | K1310: Ikongo | L1310: MG23211011 | N1310: Ambalagoavy | O1310: MG23211011007 | Q1310: Ambalagoavy | R1310: MG23211011007001 | T1310: Treatment of moderate acute malnutrition | U1310: =+VLOOKUP(Sites_per_tag[[#This Row],[Activity_tag]],Parameter!$A$24:$B$32,2,0) -> MAM | W1310: 47.45263 | X1310: -21.86423
A1311: =+R1311&U1311 -> MG23211011009001MAM | B1311: Manakara | C1311: =+VLOOKUP(Sites_per_tag[[#This Row],[Field_office]],Parameter!$A$3:$B$11,2,0) -> 4 | E1311: Vatovavy | F1311: MG23 | H1311: =PROPER(Sites_per_tag[[#This Row],[Adm2Name]]) -> Ikongo | I1311: MG23211 | K1311: Ikongo | L1311: MG23211011 | N1311: Antekoho | O1311: MG23211011009 | Q1311: ANTEKOHO | R1311: MG23211011009001 | T1311: Treatment of moderate acute malnutrition | U1311: =+VLOOKUP(Sites_per_tag[[#This Row],[Activity_tag]],Parameter!$A$24:$B$32,2,0) -> MAM | W1311: 47.39548 | X1311: -21.86042
A1312: =+R1312&U1312 -> MG23211011010001MAM | B1312: Manakara | C1312: =+VLOOKUP(Sites_per_tag[[#This Row],[Field_office]],Parameter!$A$3:$B$11,2,0) -> 4 | E1312: Vatovavy | F1312: MG23 | H1312: =PROPER(Sites_per_tag[[#This Row],[Adm2Name]]) -> Ikongo | I1312: MG23211 | K1312: Ikongo | L1312: MG23211011 | N1312: Sahavondrony | O1312: MG23211011010 | Q1312: SAHAVONDRONY | R1312: MG23211011010001 | T1312: Treatment of moderate acute malnutrition | U1312: =+VLOOKUP(Sites_per_tag[[#This Row],[Activity_tag]],Parameter!$A$24:$B$32,2,0) -> MAM | W1312: 47.41668 | X1312: -21.86825
A1313: =+R1313&U1313 -> MG23211011011001MAM | B1313: Manakara | C1313: =+VLOOKUP(Sites_per_tag[[#This Row],[Field_office]],Parameter!$A$3:$B$11,2,0) -> 4 | E1313: Vatovavy | F1313: MG23 | H1313: =PROPER(Sites_per_tag[[#This Row],[Adm2Name]]) -> Ikongo | I1313: MG23211 | K1313: Ikongo | L1313: MG23211011 | N1313: Ambohimahasoa Nord | O1313: MG23211011011 | Q1313: AMBOHIMAHASOA NORD | R1313: MG23211011011001 | T1313: Treatment of moderate acute malnutrition | U1313: =+VLOOKUP(Sites_per_tag[[#This Row],[Activity_tag]],Parameter!$A$24:$B$32,2,0) -> MAM | W1313: 47.43372 | X1313: -21.8614
A1314: =+R1314&U1314 -> MG23211011012001MAM | B1314: Manakara | C1314: =+VLOOKUP(Sites_per_tag[[#This Row],[Field_office]],Parameter!$A$3:$B$11,2,0) -> 4 | E1314: Vatovavy | F1314: MG23 | H1314: =PROPER(Sites_per_tag[[#This Row],[Adm2Name]]) -> Ikongo | I1314: MG23211 | K1314: Ikongo | L1314: MG23211011 | N1314: Papango | O1314: MG23211011012 | Q1314: PAPANGO | R1314: MG23211011012001 | T1314: Treatment of moderate acute malnutrition | U1314: =+VLOOKUP(Sites_per_tag[[#This Row],[Activity_tag]],Parameter!$A$24:$B$32,2,0) -> MAM | W1314: 47.45387 | X1314: -21.86133
A1315: =+R1315&U1315 -> MG23211011016001MAM | B1315: Manakara | C1315: =+VLOOKUP(Sites_per_tag[[#This Row],[Field_office]],Parameter!$A$3:$B$11,2,0) -> 4 | E1315: Vatovavy | F1315: MG23 | H1315: =PROPER(Sites_per_tag[[#This Row],[Adm2Name]]) -> Ikongo | I1315: MG23211 | K1315: Ikongo | L1315: MG23211011 | N1315: Mangarivotra | O1315: MG23211011016 | Q1315: MANGARIVOTRA | R1315: MG23211011016001 | T1315: Treatment of moderate acute malnutrition | U1315: =+VLOOKUP(Sites_per_tag[[#This Row],[Activity_tag]],Parameter!$A$24:$B$32,2,0) -> MAM | W1315: 47.4394 | X1315: -21.87993
A1316: =+R1316&U1316 -> MG23211011020001MAM | B1316: Manakara | C1316: =+VLOOKUP(Sites_per_tag[[#This Row],[Field_office]],Parameter!$A$3:$B$11,2,0) -> 4 | E1316: Vatovavy | F1316: MG23 | H1316: =PROPER(Sites_per_tag[[#This Row],[Adm2Name]]) -> Ikongo | I1316: MG23211 | K1316: Ikongo | L1316: MG23211011 | N1316: Antavolo | O1316: MG23211011020 | Q1316: ANTAVOLO | R1316: MG23211011020001 | T1316: Treatment of moderate acute malnutrition | U1316: =+VLOOKUP(Sites_per_tag[[#This Row],[Activity_tag]],Parameter!$A$24:$B$32,2,0) -> MAM | W1316: 47.45053 | X1316: -21.88812
A1317: =+R1317&U1317 -> MG23211011029001MAM | B1317: Manakara | C1317: =+VLOOKUP(Sites_per_tag[[#This Row],[Field_office]],Parameter!$A$3:$B$11,2,0) -> 4 | E1317: Vatovavy | F1317: MG23 | H1317: =PROPER(Sites_per_tag[[#This Row],[Adm2Name]]) -> Ikongo | I1317: MG23211 | K1317: Ikongo | L1317: MG23211011 | N1317: Sahavandra | O1317: MG23211011029 | Q1317: SAHAVANDRA | R1317: MG23211011029001 | T1317: Treatment of moderate acute malnutrition | U1317: =+VLOOKUP(Sites_per_tag[[#This Row],[Activity_tag]],Parameter!$A$24:$B$32,2,0) -> MAM | W1317: 47.46775 | X1317: -21.91598
A1318: =+R1318&U1318 -> MG23211011030001MAM | B1318: Manakara | C1318: =+VLOOKUP(Sites_per_tag[[#This Row],[Field_office]],Parameter!$A$3:$B$11,2,0) -> 4 | E1318: Vatovavy | F1318: MG23 | H1318: =PROPER(Sites_per_tag[[#This Row],[Adm2Name]]) -> Ikongo | I1318: MG23211 | K1318: Ikongo | L1318: MG23211011 | N1318: Tsaratanteraka | O1318: MG23211011030 | Q1318: TSARATANTERAKA | R1318: MG23211011030001 | T1318: Treatment of moderate acute malnutrition | U1318: =+VLOOKUP(Sites_per_tag[[#This Row],[Activity_tag]],Parameter!$A$24:$B$32,2,0) -> MAM | W1318: 47.44947 | X1318: -21.91968
A1319: =+R1319&U1319 -> MG23211011031001MAM | B1319: Manakara | C1319: =+VLOOKUP(Sites_per_tag[[#This Row],[Field_office]],Parameter!$A$3:$B$11,2,0) -> 4 | E1319: Vatovavy | F1319: MG23 | H1319: =PROPER(Sites_per_tag[[#This Row],[Adm2Name]]) -> Ikongo | I1319: MG23211 | K1319: Ikongo | L1319: MG23211011 | N1319: Volarivo | O1319: MG23211011031 | Q1319: VOLARIVO | R1319: MG23211011031001 | T1319: Treatment of moderate acute malnutrition | U1319: =+VLOOKUP(Sites_per_tag[[#This Row],[Activity_tag]],Parameter!$A$24:$B$32,2,0) -> MAM | W1319: 47.49738 | X1319: -21.95635
A1320: =+R1320&U1320 -> MG23211012003001MAM | B1320: Manakara | C1320: =+VLOOKUP(Sites_per_tag[[#This Row],[Field_office]],Parameter!$A$3:$B$11,2,0) -> 4 | E1320: Vatovavy | F1320: MG23 | H1320: =PROPER(Sites_per_tag[[#This Row],[Adm2Name]]) -> Ikongo | I1320: MG23211 | K1320: Ambolomadinika | L1320: MG23211012 | N1320: Sahanimanga | O1320: MG23211012003 | Q1320: SAHANIMANGA | R1320: MG23211012003001 | T1320: Treatment of moderate acute malnutrition | U1320: =+VLOOKUP(Sites_per_tag[[#This Row],[Activity_tag]],Parameter!$A$24:$B$32,2,0) -> MAM | W1320: 47.4317 | X1320: -21.92538
... A1333: =+R1333&U1333 -> MG23211112011001MAM | B1333: Manakara | C1333: =+VLOOKUP(Sites_per_tag[[#This Row],[Field_office]],Parameter!$A$3:$B$11,2,0) -> 4 | E1333: Vatovavy | F1333: MG23 | H1333: =PROPER(Sites_per_tag[[#This Row],[Adm2Name]]) -> Ikongo | I1333: MG23211 | K1333: Antodinga | L1333: MG23211112 | N1333: Mitremaka | O1333: MG23211112011 | Q1333: Mitremaka | R1333: MG23211112011001 | T1333: Treatment of moderate acute malnutrition | U1333: =+VLOOKUP(Sites_per_tag[[#This Row],[Activity_tag]],Parameter!$A$24:$B$32,2,0) -> MAM | W1333: 47.45098 | X1333: -22.16385
A1334: =+R1334&U1334 -> MG23212051001PREV | B1334: Manakara | C1334: =+VLOOKUP(Sites_per_tag[[#This Row],[Field_office]],Parameter!$A$3:$B$11,2,0) -> 4 | E1334: Fitovinany | F1334: MG23A | H1334: =PROPER(Sites_per_tag[[#This Row],[Adm2Name]]) -> Vohipeno | I1334: MG23212 | K1334: Ivato | L1334: MG23212051 | N1334: Ivato | Q1334: Ivato | R1334: MG23212051001 | T1334: Prevention of acute malnutrition | U1334: =+VLOOKUP(Sites_per_tag[[#This Row],[Activity_tag]],Parameter!$A$24:$B$32,2,0) -> PREV | W1334: 47.86793 | X1334: -22.38882
A1335: =+R1335&U1335 -> MG23212090004001MAM | B1335: Manakara | C1335: =+VLOOKUP(Sites_per_tag[[#This Row],[Field_office]],Parameter!$A$3:$B$11,2,0) -> 4 | E1335: Atsimo Atsinanana | F1335: MG25 | H1335: =PROPER(Sites_per_tag[[#This Row],[Adm2Name]]) -> Farafangana | I1335: MG25213 | K1335: Ihorombe | L1335: MG25213551 | N1335: Vohibolo | O1335: MG23212090004 | Q1335: Vohibolo | R1335: MG23212090004001 | T1335: Treatment of moderate acute malnutrition | U1335: =+VLOOKUP(Sites_per_tag[[#This Row],[Activity_tag]],Parameter!$A$24:$B$32,2,0) -> MAM | W1335: 47.57745 | X1335: -23.04977
A1336: =+R1336&U1336 -> MG23A21101108001MAM | B1336: Manakara | C1336: =+VLOOKUP(Sites_per_tag[[#This Row],[Field_office]],Parameter!$A$3:$B$11,2,0) -> 4 | E1336: Vatovavy | F1336: MG23 | H1336: =PROPER(Sites_per_tag[[#This Row],[Adm2Name]]) -> Ikongo | I1336: MG23211 | K1336: Ikongo | L1336: MG23211011 | N1336: Ambatolampy | O1336: MG23A21101108 | Q1336: AMBATOLAMPY | R1336: MG23A21101108001 | T1336: Treatment of moderate acute malnutrition | U1336: =+VLOOKUP(Sites_per_tag[[#This Row],[Activity_tag]],Parameter!$A$24:$B$32,2,0) -> MAM | W1336: 47.38278 | X1336: -21.89428
A1337: =+R1337&U1337 -> MG24216031005001MAM | B1337: Ambovombe | C1337: =+VLOOKUP(Sites_per_tag[[#This Row],[Field_office]],Parameter!$A$3:$B$11,2,0) -> 6 | E1337: Androy | F1337: MG52 | H1337: =PROPER(Sites_per_tag[[#This Row],[Adm2Name]]) -> Bekily | I1337: MG52518 | K1337: Ankaranabo Nord | L1337: MG52518031 | N1337: Andranomanitsy | O1337: MG24216031005 | Q1337: Andranomanitsy | R1337: MG24216031005001 | T1337: Treatment of moderate acute malnutrition | U1337: =+VLOOKUP(Sites_per_tag[[#This Row],[Activity_tag]],Parameter!$A$24:$B$32,2,0) -> MAM | W1337: 45.31215 | X1337: -24.18298
A1338: =+R1338&U1338 -> MG24216070003001MAM | B1338: Manakara | C1338: =+VLOOKUP(Sites_per_tag[[#This Row],[Field_office]],Parameter!$A$3:$B$11,2,0) -> 4 | E1338: Atsimo Atsinanana | F1338: MG25 | H1338: =PROPER(Sites_per_tag[[#This Row],[Adm2Name]]) -> Vondrozo | I1338: MG25217 | K1338: Andakana | L1338: MG25217170 | N1338: Andakana | O1338: MG24216070003 | Q1338: Andakana | R1338: MG24216070003001 | T1338: Treatment of moderate acute malnutrition | U1338: =+VLOOKUP(Sites_per_tag[[#This Row],[Activity_tag]],Parameter!$A$24:$B$32,2,0) -> MAM | W1338: 47.45785 | X1338: -22.5281
A1339: =+R1339&U1339 -> MG24216192003001MAM | B1339: Manakara | C1339: =+VLOOKUP(Sites_per_tag[[#This Row],[Field_office]],Parameter!$A$3:$B$11,2,0) -> 4 | E1339: Atsimo Atsinanana | F1339: MG25 | H1339: =PROPER(Sites_per_tag[[#This Row],[Adm2Name]]) -> Farafangana | I1339: MG25213 | K1339: Evato | L1339: MG25213370 | N1339: Vohimary | O1339: MG24216192003 | Q1339: Vohimary | R1339: MG24216192003001 | T1339: Treatment of moderate acute malnutrition | U1339: =+VLOOKUP(Sites_per_tag[[#This Row],[Activity_tag]],Parameter!$A$24:$B$32,2,0) -> MAM | W1339: 47.70938 | X1339: -22.5958
A1340: =+R1340&U1340 -> MG24216192004001STUNT | B1340: Bekily | C1340: =+VLOOKUP(Sites_per_tag[[#This Row],[Field_office]],Parameter!$A$3:$B$11,2,0) -> 1 | E1340: Androy | F1340: MG52 | H1340: =PROPER(Sites_per_tag[[#This Row],[Adm2Name]]) -> Bekily | I1340: MG52518 | K1340: Anivorano Mitsinjo | L1340: MG52518290 | N1340: Ambatofotsy | O1340: MG24216192004 | Q1340: Ambatofotsy Bekily | R1340: MG24216192004001 | T1340: Prevention of stunting | U1340: =+VLOOKUP(Sites_per_tag[[#This Row],[Activity_tag]],Parameter!$A$24:$B$32,2,0) -> STUNT | V1340: 45.62315 -24.35073 | W1340: 45.62315 | X1340: -24.35073
A1341: =+R1341&U1341 -> MG24216231007001MAM | B1341: Manakara | C1341: =+VLOOKUP(Sites_per_tag[[#This Row],[Field_office]],Parameter!$A$3:$B$11,2,0) -> 4 | E1341: Vatovavy | F1341: MG23 | H1341: =PROPER(Sites_per_tag[[#This Row],[Adm2Name]]) -> Ikongo | I1341: MG23211 | K1341: Antodinga | L1341: MG23211112 | N1341: Andasy | O1341: MG24216231007 | Q1341: Andasy | R1341: MG24216231007001 | T1341: Treatment of moderate acute malnutrition | U1341: =+VLOOKUP(Sites_per_tag[[#This Row],[Activity_tag]],Parameter!$A$24:$B$32,2,0) -> MAM | W1341: 47.40395 | X1341: -22.17458
A1342: =+R1342&U1342 -> MG24218010013001MAM | B1342: Ambovombe | C1342: =+VLOOKUP(Sites_per_tag[[#This Row],[Field_office]],Parameter!$A$3:$B$11,2,0) -> 6 | E1342: Anosy | F1342: MG53 | H1342: =PROPER(Sites_per_tag[[#This Row],[Adm2Name]]) -> Betroka | I1342: MG53517 | K1342: Ianakafy | L1342: MG53517310 | N1342: Bekininy | O1342: MG24218010013 | Q1342: BEKININY | R1342: MG24218010013001 | T1342: Treatment of moderate acute malnutrition | U1342: =+VLOOKUP(Sites_per_tag[[#This Row],[Activity_tag]],Parameter!$A$24:$B$32,2,0) -> MAM | W1342: 45.42385 | X1342: -23.38697
A1343: =+R1343&U1343 -> MG24218050006001MAM | B1343: Ambovombe | C1343: =+VLOOKUP(Sites_per_tag[[#This Row],[Field_office]],Parameter!$A$3:$B$11,2,0) -> 6 | E1343: Anosy | F1343: MG53 | H1343: =PROPER(Sites_per_tag[[#This Row],[Adm2Name]]) -> Betroka | I1343: MG53517 | K1343: Isoanala | L1343: MG53517291 | N1343: Antanandava Sud | O1343: MG24218050006 | Q1343: ANTANANDAVA SUD | R1343: MG24218050006001 | T1343: Treatment of moderate acute malnutrition | U1343: =+VLOOKUP(Sites_per_tag[[#This Row],[Activity_tag]],Parameter!$A$24:$B$32,2,0) -> MAM | W1343: 45.64768 | X1343: -23.8636
A1344: =+R1344&U1344 -> MG25213010002001MAM | B1344: Manakara | C1344: =+VLOOKUP(Sites_per_tag[[#This Row],[Field_office]],Parameter!$A$3:$B$11,2,0) -> 4 | E1344: Atsimo Atsinanana | F1344: MG25 | H1344: =PROPER(Sites_per_tag[[#This Row],[Adm2Name]]) -> Farafangana | I1344: MG25213 | K1344: Farafangana | L1344: MG25213010 | N1344: Andranomakoko | O1344: MG25213010002 | Q1344: Andranomakoko | R1344: MG25213010002001 | T1344: Treatment of moderate acute malnutrition | U1344: =+VLOOKUP(Sites_per_tag[[#This Row],[Activity_tag]],Parameter!$A$24:$B$32,2,0) -> MAM | W1344: 47.82725 | X1344: -22.80918
A1345: =+R1345&U1345 -> MG25213010041001MAM | B1345: Manakara | C1345: =+VLOOKUP(Sites_per_tag[[#This Row],[Field_office]],Parameter!$A$3:$B$11,2,0) -> 4 | E1345: Atsimo Atsinanana | F1345: MG25 | H1345: =PROPER(Sites_per_tag[[#This Row],[Adm2Name]]) -> Farafangana | I1345: MG25213 | K1345: Farafangana | L1345: MG25213010 | N1345: Mahafasa Nord | O1345: MG25213010041 | Q1345: Mahafasa Nord | R1345: MG25213010041001 | T1345: Treatment of moderate acute malnutrition | U1345: =+VLOOKUP(Sites_per_tag[[#This Row],[Activity_tag]],Parameter!$A$24:$B$32,2,0) -> MAM | W1345: 47.82743 | X1345: -22.82442
A1346: =+R1346&U1346 -> MG25213010045001MAM | B1346: Manakara | C1346: =+VLOOKUP(Sites_per_tag[[#This Row],[Field_office]],Parameter!$A$3:$B$11,2,0) -> 4 | E1346: Atsimo Atsinanana | F1346: MG25 | H1346: =PROPER(Sites_per_tag[[#This Row],[Adm2Name]]) -> Farafangana | I1346: MG25213 | K1346: Farafangana | L1346: MG25213010 | N1346: Amboanio | O1346: MG25213010045 | Q1346: Amboanio | R1346: MG25213010045001 | T1346: Treatment of moderate acute malnutrition | U1346: =+VLOOKUP(Sites_per_tag[[#This Row],[Activity_tag]],Parameter!$A$24:$B$32,2,0) -> MAM | W1346: 47.83815 | X1346: -22.82585
A1347: =+R1347&U1347 -> MG25213030003001MAM | B1347: Manakara | C1347: =+VLOOKUP(Sites_per_tag[[#This Row],[Field_office]],Parameter!$A$3:$B$11,2,0) -> 4 | E1347: Atsimo Atsinanana | F1347: MG25 | H1347: =PROPER(Sites_per_tag[[#This Row],[Adm2Name]]) -> Farafangana | I1347: MG25213 | K1347: Vohimasy | L1347: MG25213030 | N1347: Iandraina | O1347: MG25213030003 | Q1347: Iandraina | R1347: MG25213030003001 | T1347: Treatment of moderate acute malnutrition | U1347: =+VLOOKUP(Sites_per_tag[[#This Row],[Activity_tag]],Parameter!$A$24:$B$32,2,0) -> MAM | W1347: 47.70455 | X1347: -22.75708
A1348: =+R1348&U1348 -> MG25213030006001MAM | B1348: Manakara | C1348: =+VLOOKUP(Sites_per_tag[[#This Row],[Field_office]],Parameter!$A$3:$B$11,2,0) -> 4 | E1348: Atsimo Atsinanana | F1348: MG25 | H1348: =PROPER(Sites_per_tag[[#This Row],[Adm2Name]]) -> Farafangana | I1348: MG25213 | K1348: Vohimasy | L1348: MG25213030 | N1348: Tsararano | O1348: MG25213030006 | Q1348: Tsararano(Com Vohimasy-Farafangana) | R1348: MG25213030006001 | T1348: Treatment of moderate acute malnutrition | U1348: =+VLOOKUP(Sites_per_tag[[#This Row],[Activity_tag]],Parameter!$A$24:$B$32,2,0) -> MAM | W1348: 47.69563 | X1348: -22.80263
A1349: =+R1349&U1349 -> MG25213050003001MAM | B1349: Manakara | C1349: =+VLOOKUP(Sites_per_tag[[#This Row],[Field_office]],Parameter!$A$3:$B$11,2,0) -> 4 | E1349: Atsimo Atsinanana | F1349: MG25 | H1349: =PROPER(Sites_per_tag[[#This Row],[Adm2Name]]) -> Farafangana | I1349: MG25213 | K1349: Vohilava | L1349: MG23207090 | N1349: Volotara | O1349: MG25213050003 | Q1349: Volotara | R1349: MG25213050003001 | T1349: Treatment of moderate acute malnutrition | U1349: =+VLOOKUP(Sites_per_tag[[#This Row],[Activity_tag]],Parameter!$A$24:$B$32,2,0) -> MAM | W1349: 47.74658 | X1349: -22.7276
A1350: =+R1350&U1350 -> MG25213050010001MAM | B1350: Manakara | C1350: =+VLOOKUP(Sites_per_tag[[#This Row],[Field_office]],Parameter!$A$3:$B$11,2,0) -> 4 | E1350: Atsimo Atsinanana | F1350: MG25 | H1350: =PROPER(Sites_per_tag[[#This Row],[Adm2Name]]) -> Farafangana | I1350: MG25213 | K1350: Anosivelo | L1350: MG25213050 | N1350: Anakatrika | O1350: MG25213050010 | Q1350: Anakatrika | R1350: MG25213050010001 | T1350: Treatment of moderate acute malnutrition | U1350: =+VLOOKUP(Sites_per_tag[[#This Row],[Activity_tag]],Parameter!$A$24:$B$32,2,0) -> MAM | W1350: 47.75812 | X1350: -22.72345
A1351: =+R1351&U1351 -> MG25213050035001MAM | B1351: Manakara | C1351: =+VLOOKUP(Sites_per_tag[[#This Row],[Field_office]],Parameter!$A$3:$B$11,2,0) -> 4 | E1351: Atsimo Atsinanana | F1351: MG25 | H1351: =PROPER(Sites_per_tag[[#This Row],[Adm2Name]]) -> Farafangana | I1351: MG25213 | K1351: Anosivelo | L1351: MG25213050 | N1351: Fierena | O1351: MG25213050035 | Q1351: Fierena | R1351: MG25213050035001 | T1351: Treatment of moderate acute malnutrition | U1351: =+VLOOKUP(Sites_per_tag[[#This Row],[Activity_tag]],Parameter!$A$24:$B$32,2,0) -> MAM | W1351: 47.78602 | X1351: -22.73452
A1352: =+R1352&U1352 -> MG25213050044001MAM | B1352: Manakara | C1352: =+VLOOKUP(Sites_per_tag[[#This Row],[Field_office]],Parameter!$A$3:$B$11,2,0) -> 4 | E1352: Atsimo Atsinanana | F1352: MG25 | H1352: =PROPER(Sites_per_tag[[#This Row],[Adm2Name]]) -> Farafangana | I1352: MG25213 | K1352: Vohilava | L1352: MG23207090 | N1352: Mandatsa | O1352: MG25213050044 | Q1352: Mandatsa | R1352: MG25213050044001 | T1352: Treatment of moderate acute malnutrition | U1352: =+VLOOKUP(Sites_per_tag[[#This Row],[Activity_tag]],Parameter!$A$24:$B$32,2,0) -> MAM | W1352: 47.727951 | X1352: -22.74215
... A1412: =+R1412&U1412 -> MG25214050001001MAM | B1412: Manakara | C1412: =+VLOOKUP(Sites_per_tag[[#This Row],[Field_office]],Parameter!$A$3:$B$11,2,0) -> 4 | E1412: Atsimo Atsinanana | F1412: MG25 | H1412: =PROPER(Sites_per_tag[[#This Row],[Adm2Name]]) -> Vangaindrano | I1412: MG25214 | K1412: Tsiately | L1412: MG25214050 | N1412: Tsiately | O1412: MG25214050001 | Q1412: Tsiately | R1412: MG25214050001001 | T1412: Treatment of moderate acute malnutrition | U1412: =+VLOOKUP(Sites_per_tag[[#This Row],[Activity_tag]],Parameter!$A$24:$B$32,2,0) -> MAM | W1412: 47.61753 | X1412: -23.3257
A1413: =+R1413&U1413 -> MG25214050001PREV | B1413: Manakara | C1413: =+VLOOKUP(Sites_per_tag[[#This Row],[Field_office]],Parameter!$A$3:$B$11,2,0) -> 4 | E1413: Atsimo Atsinanana | F1413: MG25 | H1413: =PROPER(Sites_per_tag[[#This Row],[Adm2Name]]) -> Vangaindrano | I1413: MG25214 | K1413: Tsiately | L1413: MG25214050 | N1413: Tsiately | Q1413: Tsiately | R1413: MG25214050001 | T1413: Prevention of acute malnutrition | U1413: =+VLOOKUP(Sites_per_tag[[#This Row],[Activity_tag]],Parameter!$A$24:$B$32,2,0) -> PREV | W1413: 47.60897 | X1413: -23.33122
A1414: =+R1414&U1414 -> MG25214050005PREV | B1414: Manakara | C1414: =+VLOOKUP(Sites_per_tag[[#This Row],[Field_office]],Parameter!$A$3:$B$11,2,0) -> 4 | E1414: Atsimo Atsinanana | F1414: MG25 | H1414: =PROPER(Sites_per_tag[[#This Row],[Adm2Name]]) -> Vangaindrano | I1414: MG25214 | K1414: Tsiately | L1414: MG25214050 | N1414: Anapatra | Q1414: Anapatra | R1414: MG25214050005 | T1414: Prevention of acute malnutrition | U1414: =+VLOOKUP(Sites_per_tag[[#This Row],[Activity_tag]],Parameter!$A$24:$B$32,2,0) -> PREV | W1414: 47.66432 | X1414: -23.3405
A1415: =+R1415&U1415 -> MG25214050006001MAM | B1415: Manakara | C1415: =+VLOOKUP(Sites_per_tag[[#This Row],[Field_office]],Parameter!$A$3:$B$11,2,0) -> 4 | E1415: Atsimo Atsinanana | F1415: MG25 | H1415: =PROPER(Sites_per_tag[[#This Row],[Adm2Name]]) -> Vangaindrano | I1415: MG25214 | K1415: Tsiately | L1415: MG25214050 | N1415: Anambotaka II | O1415: MG25214050006 | Q1415: Anambotaka II | R1415: MG25214050006001 | T1415: Treatment of moderate acute malnutrition | U1415: =+VLOOKUP(Sites_per_tag[[#This Row],[Activity_tag]],Parameter!$A$24:$B$32,2,0) -> MAM | W1415: 47.63332 | X1415: -23.34617
A1416: =+R1416&U1416 -> MG25214050067PREV | B1416: Manakara | C1416: =+VLOOKUP(Sites_per_tag[[#This Row],[Field_office]],Parameter!$A$3:$B$11,2,0) -> 4 | E1416: Atsimo Atsinanana | F1416: MG25 | H1416: =PROPER(Sites_per_tag[[#This Row],[Adm2Name]]) -> Vangaindrano | I1416: MG25214 | K1416: Tsiately | L1416: MG25214050 | N1416: Tsararano | Q1416: Tsararano | R1416: MG25214050067 | T1416: Prevention of acute malnutrition | U1416: =+VLOOKUP(Sites_per_tag[[#This Row],[Activity_tag]],Parameter!$A$24:$B$32,2,0) -> PREV | W1416: 47.68962 | X1416: -23.28825
A1417: =+R1417&U1417 -> MG25214070001001MAM | B1417: Manakara | C1417: =+VLOOKUP(Sites_per_tag[[#This Row],[Field_office]],Parameter!$A$3:$B$11,2,0) -> 4 | E1417: Atsimo Atsinanana | F1417: MG25 | H1417: =PROPER(Sites_per_tag[[#This Row],[Adm2Name]]) -> Vangaindrano | I1417: MG25214 | K1417: Soamanova | L1417: MG25214070 | N1417: Soamanova | O1417: MG25214070001 | Q1417: Soamanova | R1417: MG25214070001001 | T1417: Treatment of moderate acute malnutrition | U1417: =+VLOOKUP(Sites_per_tag[[#This Row],[Activity_tag]],Parameter!$A$24:$B$32,2,0) -> MAM | W1417: 47.60025 | X1417: -23.2889
A1418: =+R1418&U1418 -> MG25214070006001MAM | B1418: Manakara | C1418: =+VLOOKUP(Sites_per_tag[[#This Row],[Field_office]],Parameter!$A$3:$B$11,2,0) -> 4 | E1418: Atsimo Atsinanana | F1418: MG25 | H1418: =PROPER(Sites_per_tag[[#This Row],[Adm2Name]]) -> Farafangana | I1418: MG25213 | K1418: Manambotra Atsimo | L1418: MG25213130 | N1418: Maroroka | O1418: MG25214070006 | Q1418: Maroroka | R1418: MG25214070006001 | T1418: Treatment of moderate acute malnutrition | U1418: =+VLOOKUP(Sites_per_tag[[#This Row],[Activity_tag]],Parameter!$A$24:$B$32,2,0) -> MAM | W1418: 47.840831 | X1418: -22.658707
A1419: =+R1419&U1419 -> MG25214070043001MAM | B1419: Manakara | C1419: =+VLOOKUP(Sites_per_tag[[#This Row],[Field_office]],Parameter!$A$3:$B$11,2,0) -> 4 | E1419: Atsimo Atsinanana | F1419: MG25 | H1419: =PROPER(Sites_per_tag[[#This Row],[Adm2Name]]) -> Farafangana | I1419: MG25213 | K1419: Manambotra Atsimo | L1419: MG25213130 | N1419: Mahavelo | O1419: MG25214070043 | Q1419: Mahavelo(Com Manambotra Atsimo) | R1419: MG25214070043001 | T1419: Treatment of moderate acute malnutrition | U1419: =+VLOOKUP(Sites_per_tag[[#This Row],[Activity_tag]],Parameter!$A$24:$B$32,2,0) -> MAM | W1419: 47.79405 | X1419: -22.97392
A1420: =+R1420&U1420 -> MG25214070044001MAM | B1420: Manakara | C1420: =+VLOOKUP(Sites_per_tag[[#This Row],[Field_office]],Parameter!$A$3:$B$11,2,0) -> 4 | E1420: Atsimo Atsinanana | F1420: MG25 | H1420: =PROPER(Sites_per_tag[[#This Row],[Adm2Name]]) -> Farafangana | I1420: MG25213 | K1420: Manambotra Atsimo | L1420: MG25213130 | N1420: Marompanahy | O1420: MG25214070044 | Q1420: Marompanahy | R1420: MG25214070044001 | T1420: Treatment of moderate acute malnutrition | U1420: =+VLOOKUP(Sites_per_tag[[#This Row],[Activity_tag]],Parameter!$A$24:$B$32,2,0) -> MAM | W1420: 47.75263 | X1420: -22.97177
A1421: =+R1421&U1421 -> MG25214091001001MAM | B1421: Manakara | C1421: =+VLOOKUP(Sites_per_tag[[#This Row],[Field_office]],Parameter!$A$3:$B$11,2,0) -> 4 | E1421: Atsimo Atsinanana | F1421: MG25 | H1421: =PROPER(Sites_per_tag[[#This Row],[Adm2Name]]) -> Vangaindrano | I1421: MG25214 | K1421: Lopary | L1421: MG25214091 | N1421: Lopary | O1421: MG25214091001 | Q1421: Lopary | R1421: MG25214091001001 | T1421: Treatment of moderate acute malnutrition | U1421: =+VLOOKUP(Sites_per_tag[[#This Row],[Activity_tag]],Parameter!$A$24:$B$32,2,0) -> MAM | W1421: 47.67103 | X1421: -23.19642
A1422: =+R1422&U1422 -> MG25214111001001MAM | B1422: Manakara | C1422: =+VLOOKUP(Sites_per_tag[[#This Row],[Field_office]],Parameter!$A$3:$B$11,2,0) -> 4 | E1422: Atsimo Atsinanana | F1422: MG25 | H1422: =PROPER(Sites_per_tag[[#This Row],[Adm2Name]]) -> Vangaindrano | I1422: MG25214 | K1422: Vohitrambo | L1422: MG25214111 | N1422: Vohitrambo | O1422: MG25214111001 | Q1422: Vohitrambo | R1422: MG25214111001001 | T1422: Treatment of moderate acute malnutrition | U1422: =+VLOOKUP(Sites_per_tag[[#This Row],[Activity_tag]],Parameter!$A$24:$B$32,2,0) -> MAM | W1422: 47.52587 | X1422: -23.26458
A1423: =+R1423&U1423 -> MG25214111005PREV | B1423: Manakara | C1423: =+VLOOKUP(Sites_per_tag[[#This Row],[Field_office]],Parameter!$A$3:$B$11,2,0) -> 4 | E1423: Atsimo Atsinanana | F1423: MG25 | H1423: =PROPER(Sites_per_tag[[#This Row],[Adm2Name]]) -> Vangaindrano | I1423: MG25214 | K1423: Vohitrambo | L1423: MG25214111 | N1423: Morabe | Q1423: Morabe | R1423: MG25214111005 | T1423: Prevention of acute malnutrition | U1423: =+VLOOKUP(Sites_per_tag[[#This Row],[Activity_tag]],Parameter!$A$24:$B$32,2,0) -> PREV | W1423: 47.498112 | X1423: -23.268662
A1424: =+R1424&U1424 -> MG25214111008PREV | B1424: Manakara | C1424: =+VLOOKUP(Sites_per_tag[[#This Row],[Field_office]],Parameter!$A$3:$B$11,2,0) -> 4 | E1424: Atsimo Atsinanana | F1424: MG25 | H1424: =PROPER(Sites_per_tag[[#This Row],[Adm2Name]]) -> Vangaindrano | I1424: MG25214 | K1424: Fonilaza | L1424: MG25214111a | N1424: Fonilaza | Q1424: Fonilaza | R1424: MG25214111008 | T1424: Prevention of acute malnutrition | U1424: =+VLOOKUP(Sites_per_tag[[#This Row],[Activity_tag]],Parameter!$A$24:$B$32,2,0) -> PREV | W1424: 47.55428 | X1424: -23.3035
A1425: =+R1425&U1425 -> MG25214111010001MAM | B1425: Manakara | C1425: =+VLOOKUP(Sites_per_tag[[#This Row],[Field_office]],Parameter!$A$3:$B$11,2,0) -> 4 | E1425: Atsimo Atsinanana | F1425: MG25 | H1425: =PROPER(Sites_per_tag[[#This Row],[Adm2Name]]) -> Vangaindrano | I1425: MG25214 | K1425: Fonilaza | L1425: MG25214111a | N1425: Sahavoangy | O1425: MG25214111010 | Q1425: Sahavoangy | R1425: MG25214111010001 | T1425: Treatment of moderate acute malnutrition | U1425: =+VLOOKUP(Sites_per_tag[[#This Row],[Activity_tag]],Parameter!$A$24:$B$32,2,0) -> MAM | W1425: 47.55002 | X1425: -23.31643
A1426: =+R1426&U1426 -> MG25214111011001MAM | B1426: Manakara | C1426: =+VLOOKUP(Sites_per_tag[[#This Row],[Field_office]],Parameter!$A$3:$B$11,2,0) -> 4 | E1426: Atsimo Atsinanana | F1426: MG25 | H1426: =PROPER(Sites_per_tag[[#This Row],[Adm2Name]]) -> Vangaindrano | I1426: MG25214 | K1426: Fonilaza | L1426: MG25214111a | N1426: Tsamoro | O1426: MG25214111011 | Q1426: Tsamoro | R1426: MG25214111011001 | T1426: Treatment of moderate acute malnutrition | U1426: =+VLOOKUP(Sites_per_tag[[#This Row],[Activity_tag]],Parameter!$A$24:$B$32,2,0) -> MAM | W1426: 47.55975 | X1426: -23.31898
A1427: =+R1427&U1427 -> MG25214111060PREV | B1427: Manakara | C1427: =+VLOOKUP(Sites_per_tag[[#This Row],[Field_office]],Parameter!$A$3:$B$11,2,0) -> 4 | E1427: Atsimo Atsinanana | F1427: MG25 | H1427: =PROPER(Sites_per_tag[[#This Row],[Adm2Name]]) -> Vangaindrano | I1427: MG25214 | K1427: Vohitrambo | L1427: MG25214111 | N1427: Vohitrambo | Q1427: Vohitrambo | R1427: MG25214111060 | T1427: Prevention of acute malnutrition | U1427: =+VLOOKUP(Sites_per_tag[[#This Row],[Activity_tag]],Parameter!$A$24:$B$32,2,0) -> PREV | W1427: 47.52727 | X1427: -23.26735
A1428: =+R1428&U1428 -> MG25214112001001MAM | B1428: Manakara | C1428: =+VLOOKUP(Sites_per_tag[[#This Row],[Field_office]],Parameter!$A$3:$B$11,2,0) -> 4 | E1428: Atsimo Atsinanana | F1428: MG25 | H1428: =PROPER(Sites_per_tag[[#This Row],[Adm2Name]]) -> Vangaindrano | I1428: MG25214 | K1428: Anilobe | L1428: MG25214112 | N1428: Anilobe | O1428: MG25214112001 | Q1428: Anilobe | R1428: MG25214112001001 | T1428: Treatment of moderate acute malnutrition | U1428: =+VLOOKUP(Sites_per_tag[[#This Row],[Activity_tag]],Parameter!$A$24:$B$32,2,0) -> MAM | W1428: 47.47982 | X1428: -23.2002
A1429: =+R1429&U1429 -> MG25214112005001MAM | B1429: Manakara | C1429: =+VLOOKUP(Sites_per_tag[[#This Row],[Field_office]],Parameter!$A$3:$B$11,2,0) -> 4 | E1429: Atsimo Atsinanana | F1429: MG25 | H1429: =PROPER(Sites_per_tag[[#This Row],[Adm2Name]]) -> Vangaindrano | I1429: MG25214 | K1429: Vohimalaza | L1429: MG25214312 | N1429: Vohimalaza | O1429: MG25214112005 | Q1429: Vohimalaza | R1429: MG25214112005001 | T1429: Treatment of moderate acute malnutrition | U1429: =+VLOOKUP(Sites_per_tag[[#This Row],[Activity_tag]],Parameter!$A$24:$B$32,2,0) -> MAM | W1429: 47.47892 | X1429: -23.20653
A1430: =+R1430&U1430 -> MG25214131001001MAM | B1430: Manakara | C1430: =+VLOOKUP(Sites_per_tag[[#This Row],[Field_office]],Parameter!$A$3:$B$11,2,0) -> 4 | E1430: Atsimo Atsinanana | F1430: MG25 | H1430: =PROPER(Sites_per_tag[[#This Row],[Adm2Name]]) -> Vangaindrano | I1430: MG25214 | K1430: Lohafary | L1430: MG25214131 | N1430: Lohafary | O1430: MG25214131001 | Q1430: Lohafary | R1430: MG25214131001001 | T1430: Treatment of moderate acute malnutrition | U1430: =+VLOOKUP(Sites_per_tag[[#This Row],[Activity_tag]],Parameter!$A$24:$B$32,2,0) -> MAM | W1430: 47.37605 | X1430: -23.29667
A1431: =+R1431&U1431 -> MG25214132001001MAM | B1431: Manakara | C1431: =+VLOOKUP(Sites_per_tag[[#This Row],[Field_office]],Parameter!$A$3:$B$11,2,0) -> 4 | E1431: Atsimo Atsinanana | F1431: MG25 | H1431: =PROPER(Sites_per_tag[[#This Row],[Adm2Name]]) -> Vangaindrano | I1431: MG25214 | K1431: Ampataka | L1431: MG25214132 | N1431: Ampataka | O1431: MG25214132001 | Q1431: Ampataka-Ampataka | R1431: MG25214132001001 | T1431: Treatment of moderate acute malnutrition | U1431: =+VLOOKUP(Sites_per_tag[[#This Row],[Activity_tag]],Parameter!$A$24:$B$32,2,0) -> MAM | W1431: 47.46467 | X1431: -23.35153
A1432: =+R1432&U1432 -> MG25214132013001MAM | B1432: Manakara | C1432: =+VLOOKUP(Sites_per_tag[[#This Row],[Field_office]],Parameter!$A$3:$B$11,2,0) -> 4 | E1432: Atsimo Atsinanana | F1432: MG25 | H1432: =PROPER(Sites_per_tag[[#This Row],[Adm2Name]]) -> Vangaindrano | I1432: MG25214 | K1432: Ampataka | L1432: MG25214132 | N1432: Tanambao II | O1432: MG25214132013 | Q1432: Tanambao Ii-Ampataka | R1432: MG25214132013001 | T1432: Treatment of moderate acute malnutrition | U1432: =+VLOOKUP(Sites_per_tag[[#This Row],[Activity_tag]],Parameter!$A$24:$B$32,2,0) -> MAM | W1432: 47.438878 | X1432: -23.359739
A1433: =+R1433&U1433 -> MG25214151001001MAM | B1433: Manakara | C1433: =+VLOOKUP(Sites_per_tag[[#This Row],[Field_office]],Parameter!$A$3:$B$11,2,0) -> 4 | E1433: Atsimo Atsinanana | F1433: MG25 | H1433: =PROPER(Sites_per_tag[[#This Row],[Adm2Name]]) -> Vangaindrano | I1433: MG25214 | K1433: Matanga | L1433: MG25214151 | N1433: Matanga | O1433: MG25214151001 | Q1433: Matanga | R1433: MG25214151001001 | T1433: Treatment of moderate acute malnutrition | U1433: =+VLOOKUP(Sites_per_tag[[#This Row],[Activity_tag]],Parameter!$A$24:$B$32,2,0) -> MAM | W1433: 47.57465 | X1433: -23.51348
A1434: =+R1434&U1434 -> MG25214151003001MAM | B1434: Manakara | C1434: =+VLOOKUP(Sites_per_tag[[#This Row],[Field_office]],Parameter!$A$3:$B$11,2,0) -> 4 | E1434: Atsimo Atsinanana | F1434: MG25 | H1434: =PROPER(Sites_per_tag[[#This Row],[Adm2Name]]) -> Vangaindrano | I1434: MG25214 | K1434: Matanga | L1434: MG25214151 | N1434: Mandritsara | O1434: MG25214151003 | Q1434: Mandritsara | R1434: MG25214151003001 | T1434: Treatment of moderate acute malnutrition | U1434: =+VLOOKUP(Sites_per_tag[[#This Row],[Activity_tag]],Parameter!$A$24:$B$32,2,0) -> MAM | W1434: 47.53073 | X1434: -23.48352
A1435: =+R1435&U1435 -> MG25214152002001MAM | B1435: Manakara | C1435: =+VLOOKUP(Sites_per_tag[[#This Row],[Field_office]],Parameter!$A$3:$B$11,2,0) -> 4 | E1435: Atsimo Atsinanana | F1435: MG25 | H1435: =PROPER(Sites_per_tag[[#This Row],[Adm2Name]]) -> Vangaindrano | I1435: MG25214 | K1435: Masianaka | L1435: MG25214152 | N1435: Antavimalahay | O1435: MG25214152002 | Q1435: Antavimalahay | R1435: MG25214152002001 | T1435: Treatment of moderate acute malnutrition | U1435: =+VLOOKUP(Sites_per_tag[[#This Row],[Activity_tag]],Parameter!$A$24:$B$32,2,0) -> MAM | W1435: 47.61692 | X1435: -23.52833
A1436: =+R1436&U1436 -> MG25214152005001MAM | B1436: Manakara | C1436: =+VLOOKUP(Sites_per_tag[[#This Row],[Field_office]],Parameter!$A$3:$B$11,2,0) -> 4 | E1436: Atsimo Atsinanana | F1436: MG25 | H1436: =PROPER(Sites_per_tag[[#This Row],[Adm2Name]]) -> Vangaindrano | I1436: MG25214 | K1436: Masianaka | L1436: MG25214152 | N1436: Nosy Omby | O1436: MG25214152005 | Q1436: Nosy Omby | R1436: MG25214152005001 | T1436: Treatment of moderate acute malnutrition | U1436: =+VLOOKUP(Sites_per_tag[[#This Row],[Activity_tag]],Parameter!$A$24:$B$32,2,0) -> MAM | W1436: 47.62127 | X1436: -23.56612
A1437: =+R1437&U1437 -> MG25214152007001MAM | B1437: Tulear | C1437: =+VLOOKUP(Sites_per_tag[[#This Row],[Field_office]],Parameter!$A$3:$B$11,2,0) -> 10 | E1437: Atsimo Andrefana | F1437: MG51 | H1437: =PROPER(Sites_per_tag[[#This Row],[Adm2Name]]) -> Betioky Atsimo | I1437: MG51506 | K1437: Betioky Atsimo | L1437: MG51506011 | N1437: Besavoa | O1437: MG25214152007 | Q1437: Besavoa | R1437: MG25214152007001 | T1437: Treatment of moderate acute malnutrition | U1437: =+VLOOKUP(Sites_per_tag[[#This Row],[Activity_tag]],Parameter!$A$24:$B$32,2,0) -> MAM | W1437: 44.325387 | X1437: -23.737281
...

Sheet Parameter
A3: Field_office | B3: Field_office_code | C3: Field_office_code_ancien
A4: Bekily | B4: 1
A5: Fort Dauphin | B5: 2
A6: Antananarivo | B6: 3
A7: Manakara | B7: 4
A8: Ambovombe | B8: 6
A9: Tulear | B9: 10
A10: Ampanihy | B10: 9
A11: Tsihombe | B11: 7
A14: EnuPartner | B14: EnuPartner_Code | C14: EnuPartner_Code_ancien
A15: Association TOMPY | B15: 1
A16: LALANA | B16: 2
A17: MAHAVOTSE | B17: 3
A18: ONG AINA | B18: 4
A19: YP | B19: 6
A20: WFP | B20: 7
A21: Others | B21: 999
A24: Activity tag | B24: tag*
A25: Food assistance for asset | B25: FFA
A26: Forecast-based Anticipatory Actions | B26: FBA
A27: General Distribution | B27: GD
A28: Prevention of acute malnutrition | B28: PREV
A29: Prevention of stunting | B29: STUNT
A30: School feeding (on-site) | B30: SMP
A31: Smallholder agricultural market support Activities | B31: SMS
A32: Treatment of moderate acute malnutrition | B32: MAM
